{
  "test_loss": 0.48909467458724976,
  "test_accuracy": 0.7477360931435963,
  "test_precision": 0.614572333685322,
  "test_recall": 0.36788874841972186,
  "test_f1": 0.46026097271648875,
  "test_roc_auc": 0.7830633474855376,
  "test_bs": 0.1658676983716432,
  "test_bs_mcb": 0.0031335222776551486,
  "test_bs_dsc": 0.04415452721580951,
  "test_bs_unc": 0.20688870330979756,
  "test_balanced_accuracy": 0.6362817991249824,
  "test_conf_distribution_accuracy": 0.7287007946775088,
  "test_conf_distribution_precision": 0.5925324675324676,
  "test_conf_distribution_recall": 0.2307206068268015,
  "test_conf_distribution_f1": 0.3321201091901729,
  "test_conf_distribution_roc_auc": 0.7278166755207365,
  "test_conf_distribution_bs": 0.17904847963523496,
  "test_conf_distribution_bs_mcb": 0.0,
  "test_conf_distribution_bs_dsc": 0.027840223674562598,
  "test_conf_distribution_bs_unc": 0.20688870330979756,
  "test_conf_distribution_balanced_accuracy": 0.5825841216427035,
  "test_conf_normalized_accuracy": 0.45961929403067825,
  "test_conf_normalized_precision": 0.3256237006237006,
  "test_conf_normalized_recall": 0.7920353982300885,
  "test_conf_normalized_f1": 0.4615101289134438,
  "test_conf_normalized_roc_auc": 0.5063271381258009,
  "test_conf_normalized_bs": 0.4076501796625804,
  "test_conf_normalized_bs_mcb": 0.20433649510912769,
  "test_conf_normalized_bs_dsc": 0.003575018756344861,
  "test_conf_normalized_bs_unc": 0.20688870330979756,
  "test_conf_normalized_balanced_accuracy": 0.5571563776211816,
  "test_conf_absolute_accuracy": 0.7196451672518943,
  "test_conf_absolute_precision": 0.922077922077922,
  "test_conf_absolute_recall": 0.04487989886219975,
  "test_conf_absolute_f1": 0.08559373116335141,
  "test_conf_absolute_roc_auc": 0.5603620846827673,
  "test_conf_absolute_bs": 0.2656174913541428,
  "test_conf_absolute_bs_mcb": 0.07244122907523878,
  "test_conf_absolute_bs_dsc": 0.01371244103089353,
  "test_conf_absolute_bs_unc": 0.20688870330979756,
  "test_conf_absolute_balanced_accuracy": 0.521656455046143,
  "test_task_accuracy": 0.32015635524245534,
  "test_runtime": 110.9968,
  "test_samples_per_second": 48.749,
  "test_steps_per_second": 6.099,
  "instance_count": 5411
}