{
  "test_loss": 0.5013769865036011,
  "test_accuracy": 0.7387853055196604,
  "test_precision": 0.5964467005076142,
  "test_recall": 0.42909312233718805,
  "test_f1": 0.4991150442477876,
  "test_roc_auc": 0.7766108631276365,
  "test_bs": 0.1694715949866108,
  "test_bs_mcb": 0.00266040074848628,
  "test_bs_dsc": 0.04449965143744361,
  "test_bs_unc": 0.21131084567556813,
  "test_balanced_accuracy": 0.6513510126789279,
  "test_conf_distribution_accuracy": 0.7203249030828872,
  "test_conf_distribution_precision": 0.5960960960960962,
  "test_conf_distribution_recall": 0.24163116250760802,
  "test_conf_distribution_f1": 0.34387180597661327,
  "test_conf_distribution_roc_auc": 0.7280870878396924,
  "test_conf_distribution_bs": 0.18217316932476674,
  "test_conf_distribution_bs_mcb": 0.0,
  "test_conf_distribution_bs_dsc": 0.02913767635080139,
  "test_conf_distribution_bs_unc": 0.21131084567556813,
  "test_conf_distribution_balanced_accuracy": 0.5851770014975772,
  "test_conf_normalized_accuracy": 0.46612516152852135,
  "test_conf_normalized_precision": 0.3358738501971091,
  "test_conf_normalized_recall": 0.7778454047474133,
  "test_conf_normalized_f1": 0.4691629955947137,
  "test_conf_normalized_roc_auc": 0.5179800383248164,
  "test_conf_normalized_bs": 0.4049296346030618,
  "test_conf_normalized_bs_mcb": 0.19718117165655527,
  "test_conf_normalized_bs_dsc": 0.0035623827290615917,
  "test_conf_normalized_bs_unc": 0.21131084567556813,
  "test_conf_normalized_balanced_accuracy": 0.5541320293477394,
  "test_conf_absolute_accuracy": 0.7070334133284105,
  "test_conf_absolute_precision": 0.9827586206896551,
  "test_conf_absolute_recall": 0.03469263542300669,
  "test_conf_absolute_f1": 0.06701940035273367,
  "test_conf_absolute_roc_auc": 0.5758822174722071,
  "test_conf_absolute_bs": 0.2734587894240157,
  "test_conf_absolute_bs_mcb": 0.07622588477276632,
  "test_conf_absolute_bs_dsc": 0.014077941024318752,
  "test_conf_absolute_bs_unc": 0.21131084567556813,
  "test_conf_absolute_balanced_accuracy": 0.5172138322849003,
  "test_task_accuracy": 0.31928939520932487,
  "test_runtime": 58.6815,
  "test_samples_per_second": 92.312,
  "test_steps_per_second": 11.554,
  "instance_count": 5417
}