{
  "test_loss": 0.5054345726966858,
  "test_accuracy": 0.7338233959524457,
  "test_precision": 0.6055632823365786,
  "test_recall": 0.5896533044420368,
  "test_f1": 0.5975024015369838,
  "test_roc_auc": 0.7937154110688425,
  "test_bs": 0.17073216877438616,
  "test_bs_mcb": 0.0035048925215259707,
  "test_bs_dsc": 0.05556673757837574,
  "test_bs_unc": 0.22279401383123593,
  "test_balanced_accuracy": 0.6980612639311317,
  "test_conf_distribution_accuracy": 0.6966149378346492,
  "test_conf_distribution_precision": 0.5821950070654733,
  "test_conf_distribution_recall": 0.3347778981581798,
  "test_conf_distribution_f1": 0.4251074806534823,
  "test_conf_distribution_roc_auc": 0.728089579777433,
  "test_conf_distribution_bs": 0.1913231467723748,
  "test_conf_distribution_bs_mcb": 0.0,
  "test_conf_distribution_bs_dsc": 0.031470867058861124,
  "test_conf_distribution_bs_unc": 0.22279401383123593,
  "test_conf_distribution_balanced_accuracy": 0.6068594008328773,
  "test_conf_normalized_accuracy": 0.5070333061076323,
  "test_conf_normalized_precision": 0.3918448533068125,
  "test_conf_normalized_recall": 0.8537378114842904,
  "test_conf_normalized_f1": 0.5371506475800955,
  "test_conf_normalized_roc_auc": 0.5957701675084998,
  "test_conf_normalized_bs": 0.32740420148677385,
  "test_conf_normalized_bs_mcb": 0.11430913430362019,
  "test_conf_normalized_bs_dsc": 0.009698946648082268,
  "test_conf_normalized_bs_unc": 0.22279401383123593,
  "test_conf_normalized_balanced_accuracy": 0.5930351402173738,
  "test_conf_absolute_accuracy": 0.6618567928124149,
  "test_conf_absolute_precision": 0.43359375,
  "test_conf_absolute_recall": 0.030065005417118092,
  "test_conf_absolute_f1": 0.05623100303951368,
  "test_conf_absolute_roc_auc": 0.48726400565681094,
  "test_conf_absolute_bs": 0.3008530915236595,
  "test_conf_absolute_bs_mcb": 0.07886831647706852,
  "test_conf_absolute_bs_dsc": 0.0008092387846449223,
  "test_conf_absolute_bs_unc": 0.22279401383123593,
  "test_conf_absolute_balanced_accuracy": 0.505137593468761,
  "test_task_accuracy": 0.37785912541242145,
  "test_runtime": 199.3102,
  "test_samples_per_second": 55.286,
  "test_steps_per_second": 6.914,
  "instance_count": 11019
}