{
  "test_loss": 0.5164334177970886,
  "test_accuracy": 0.7348216716580452,
  "test_precision": 0.6268796992481203,
  "test_recall": 0.5361736334405145,
  "test_f1": 0.5779896013864818,
  "test_roc_auc": 0.782902564301695,
  "test_bs": 0.17396733284364146,
  "test_bs_mcb": 0.0027026788682284753,
  "test_bs_dsc": 0.05271369473578405,
  "test_bs_unc": 0.22397834871119704,
  "test_balanced_accuracy": 0.686365943933102,
  "test_conf_distribution_accuracy": 0.6940738724022144,
  "test_conf_distribution_precision": 0.6032018296169239,
  "test_conf_distribution_recall": 0.28269024651661306,
  "test_conf_distribution_f1": 0.38496624703521254,
  "test_conf_distribution_roc_auc": 0.723622732696836,
  "test_conf_distribution_bs": 0.1933015812834995,
  "test_conf_distribution_bs_mcb": 0.0,
  "test_conf_distribution_bs_dsc": 0.030676767427697538,
  "test_conf_distribution_bs_unc": 0.22397834871119704,
  "test_conf_distribution_balanced_accuracy": 0.5937260756392589,
  "test_conf_normalized_accuracy": 0.5056720210545421,
  "test_conf_normalized_precision": 0.3931996512641674,
  "test_conf_normalized_recall": 0.8459271168274384,
  "test_conf_normalized_f1": 0.5368591106198453,
  "test_conf_normalized_roc_auc": 0.5904943886181782,
  "test_conf_normalized_bs": 0.3280198394237689,
  "test_conf_normalized_bs_mcb": 0.11280473254056073,
  "test_conf_normalized_bs_dsc": 0.008763241827988877,
  "test_conf_normalized_bs_unc": 0.22397834871119704,
  "test_conf_normalized_balanced_accuracy": 0.588669610286918,
  "test_conf_absolute_accuracy": 0.6609492694436881,
  "test_conf_absolute_precision": 0.49193548387096775,
  "test_conf_absolute_recall": 0.03269024651661308,
  "test_conf_absolute_f1": 0.061306532663316586,
  "test_conf_absolute_roc_auc": 0.4925636743758541,
  "test_conf_absolute_bs": 0.3025631773048818,
  "test_conf_absolute_bs_mcb": 0.07958395651567379,
  "test_conf_absolute_bs_dsc": 0.0009991279219890292,
  "test_conf_absolute_bs_unc": 0.22397834871119704,
  "test_conf_absolute_balanced_accuracy": 0.5076995901170962,
  "test_task_accuracy": 0.3635840253295426,
  "test_runtime": 202.0623,
  "test_samples_per_second": 54.533,
  "test_steps_per_second": 6.82,
  "instance_count": 11019
}