{
  "test_loss": 0.46062061190605164,
  "test_accuracy": 0.7698706099815157,
  "test_precision": 0.6825396825396826,
  "test_recall": 0.21408250355618777,
  "test_f1": 0.3259339469409854,
  "test_roc_auc": 0.7919750057907953,
  "test_bs": 0.15451247641076504,
  "test_bs_mcb": 0.004522308821967774,
  "test_bs_dsc": 0.04235658536065964,
  "test_bs_unc": 0.1923467529494569,
  "test_balanced_accuracy": 0.5895587342955764,
  "test_conf_distribution_accuracy": 0.7463955637707949,
  "test_conf_distribution_precision": 0.5590277777777778,
  "test_conf_distribution_recall": 0.11450924608819346,
  "test_conf_distribution_f1": 0.1900826446280992,
  "test_conf_distribution_roc_auc": 0.7325007851323643,
  "test_conf_distribution_bs": 0.16779936339991153,
  "test_conf_distribution_bs_mcb": 0.0,
  "test_conf_distribution_bs_dsc": 0.024547389549545384,
  "test_conf_distribution_bs_unc": 0.1923467529494569,
  "test_conf_distribution_balanced_accuracy": 0.5413954821849558,
  "test_conf_normalized_accuracy": 0.41811460258780037,
  "test_conf_normalized_precision": 0.28170426065162907,
  "test_conf_normalized_recall": 0.7994310099573257,
  "test_conf_normalized_f1": 0.41660489251297256,
  "test_conf_normalized_roc_auc": 0.4705750330750331,
  "test_conf_normalized_bs": 0.4435672068638338,
  "test_conf_normalized_bs_mcb": 0.25327092271607454,
  "test_conf_normalized_bs_dsc": 0.002050468801697708,
  "test_conf_normalized_bs_unc": 0.1923467529494569,
  "test_conf_normalized_balanced_accuracy": 0.5418233970865549,
  "test_conf_absolute_accuracy": 0.7476894639556377,
  "test_conf_absolute_precision": 1.0,
  "test_conf_absolute_recall": 0.029160739687055477,
  "test_conf_absolute_f1": 0.056668970283344854,
  "test_conf_absolute_roc_auc": 0.5535505568400305,
  "test_conf_absolute_bs": 0.24338941287621707,
  "test_conf_absolute_bs_mcb": 0.06150735416617417,
  "test_conf_absolute_bs_dsc": 0.010464694239414013,
  "test_conf_absolute_bs_unc": 0.1923467529494569,
  "test_conf_absolute_balanced_accuracy": 0.5145803698435277,
  "test_task_accuracy": 0.2920589901568907,
  "test_runtime": 334.8477,
  "test_samples_per_second": 16.157,
  "test_steps_per_second": 2.022,
  "instance_count": 5410
}