{
  "test_loss": 0.5527775287628174,
  "test_accuracy": 0.6968343622750558,
  "test_precision": 0.6151849448410124,
  "test_recall": 0.6282306163021869,
  "test_f1": 0.6216393442622952,
  "test_roc_auc": 0.7687094336411708,
  "test_bs": 0.1887132578302312,
  "test_bs_mcb": 0.0022986810982177364,
  "test_bs_dsc": 0.05285809092363758,
  "test_bs_unc": 0.23927266765565106,
  "test_balanced_accuracy": 0.6850619893262839,
  "test_conf_distribution_accuracy": 0.6741100748719296,
  "test_conf_distribution_precision": 0.6181258249010119,
  "test_conf_distribution_recall": 0.4655400927766733,
  "test_conf_distribution_f1": 0.5310905310905311,
  "test_conf_distribution_roc_auc": 0.7303730031850969,
  "test_conf_distribution_bs": 0.2015857963492471,
  "test_conf_distribution_bs_mcb": 0.0,
  "test_conf_distribution_bs_dsc": 0.03768687130640397,
  "test_conf_distribution_bs_unc": 0.23927266765565106,
  "test_conf_distribution_balanced_accuracy": 0.6383195567256599,
  "test_conf_normalized_accuracy": 0.4744515959542887,
  "test_conf_normalized_precision": 0.42311903644611293,
  "test_conf_normalized_recall": 0.8962889330682571,
  "test_conf_normalized_f1": 0.5748592073105939,
  "test_conf_normalized_roc_auc": 0.5063859137521624,
  "test_conf_normalized_bs": 0.42465426399822875,
  "test_conf_normalized_bs_mcb": 0.19096042090737425,
  "test_conf_normalized_bs_dsc": 0.005578824564796553,
  "test_conf_normalized_bs_unc": 0.23927266765565106,
  "test_conf_normalized_balanced_accuracy": 0.5468386993959349,
  "test_conf_absolute_accuracy": 0.7058978063838172,
  "test_conf_absolute_precision": 0.6635867282654347,
  "test_conf_absolute_recall": 0.5235255135851558,
  "test_conf_absolute_f1": 0.5852935728838674,
  "test_conf_absolute_roc_auc": 0.7446455831568441,
  "test_conf_absolute_bs": 0.21221322227985712,
  "test_conf_absolute_bs_mcb": 0.019599843755252616,
  "test_conf_absolute_bs_dsc": 0.046659289131046555,
  "test_conf_absolute_bs_unc": 0.23927266765565106,
  "test_conf_absolute_balanced_accuracy": 0.6746028003181492,
  "test_task_accuracy": 0.42319290844007923,
  "test_runtime": 125.2044,
  "test_samples_per_second": 60.805,
  "test_steps_per_second": 7.604,
  "instance_count": 7613,
  "n_long_sequences": 0.06465777918014251
}