{
  "test_loss": 0.5474827885627747,
  "test_accuracy": 0.7169577604360213,
  "test_precision": 0.6880308880308881,
  "test_recall": 0.5467934949370973,
  "test_f1": 0.6093349290477005,
  "test_roc_auc": 0.780462540664292,
  "test_bs": 0.18531299340738042,
  "test_bs_mcb": 0.0021724031411807787,
  "test_bs_dsc": 0.0575840472615228,
  "test_bs_unc": 0.24072463752772244,
  "test_balanced_accuracy": 0.689474852994099,
  "test_conf_distribution_accuracy": 0.699492134274743,
  "test_conf_distribution_precision": 0.6550055824339412,
  "test_conf_distribution_recall": 0.5400429579625652,
  "test_conf_distribution_f1": 0.5919946182307434,
  "test_conf_distribution_roc_auc": 0.7567773713597181,
  "test_conf_distribution_bs": 0.19449139025849452,
  "test_conf_distribution_bs_mcb": 0.0,
  "test_conf_distribution_bs_dsc": 0.04623324726922792,
  "test_conf_distribution_bs_unc": 0.24072463752772244,
  "test_conf_distribution_balanced_accuracy": 0.6737398005433931,
  "test_conf_normalized_accuracy": 0.48296791775052644,
  "test_conf_normalized_precision": 0.4336668116572423,
  "test_conf_normalized_recall": 0.9177661859466094,
  "test_conf_normalized_f1": 0.589011421819614,
  "test_conf_normalized_roc_auc": 0.5102720241782273,
  "test_conf_normalized_bs": 0.42056823956925776,
  "test_conf_normalized_bs_mcb": 0.1862063152289668,
  "test_conf_normalized_bs_dsc": 0.006362713187431479,
  "test_conf_normalized_bs_unc": 0.24072463752772244,
  "test_conf_normalized_balanced_accuracy": 0.5531913605262753,
  "test_conf_absolute_accuracy": 0.7385110863371733,
  "test_conf_absolute_precision": 0.6833865814696486,
  "test_conf_absolute_recall": 0.6563362994783676,
  "test_conf_absolute_f1": 0.6695883549851307,
  "test_conf_absolute_roc_auc": 0.7968163137254503,
  "test_conf_absolute_bs": 0.18505520973141318,
  "test_conf_absolute_bs_mcb": 0.010743188897769956,
  "test_conf_absolute_bs_dsc": 0.06641261669407922,
  "test_conf_absolute_bs_unc": 0.24072463752772244,
  "test_conf_absolute_balanced_accuracy": 0.7252391925310409,
  "test_task_accuracy": 0.42779281008784,
  "test_runtime": 259.6584,
  "test_samples_per_second": 31.091,
  "test_steps_per_second": 31.091,
  "instance_count": 8073
}