{
  "test_loss": 0.4706951975822449,
  "test_accuracy": 0.7559040590405904,
  "test_precision": 0.5675403225806451,
  "test_recall": 0.3864104323953329,
  "test_f1": 0.45977950183748467,
  "test_roc_auc": 0.7859899506259946,
  "test_bs": 0.1590819670521191,
  "test_bs_mcb": 0.0034572103281451383,
  "test_bs_dsc": 0.040930675527765525,
  "test_bs_unc": 0.1965554322517395,
  "test_balanced_accuracy": 0.6390795538206793,
  "test_conf_distribution_accuracy": 0.752029520295203,
  "test_conf_distribution_precision": 0.591869918699187,
  "test_conf_distribution_recall": 0.24982841455044613,
  "test_conf_distribution_f1": 0.35135135135135137,
  "test_conf_distribution_roc_auc": 0.7401326892839063,
  "test_conf_distribution_bs": 0.16839512973035559,
  "test_conf_distribution_bs_mcb": 0.0,
  "test_conf_distribution_bs_dsc": 0.028160302521383906,
  "test_conf_distribution_bs_unc": 0.1965554322517395,
  "test_conf_distribution_balanced_accuracy": 0.5932462789381048,
  "test_conf_normalized_accuracy": 0.42915129151291515,
  "test_conf_normalized_precision": 0.28942629277077436,
  "test_conf_normalized_recall": 0.7721345229924502,
  "test_conf_normalized_f1": 0.42103293413173654,
  "test_conf_normalized_roc_auc": 0.4772601436312659,
  "test_conf_normalized_bs": 0.4346303467463305,
  "test_conf_normalized_bs_mcb": 0.2400124794013604,
  "test_conf_normalized_bs_dsc": 0.0019375649067693845,
  "test_conf_normalized_bs_unc": 0.1965554322517395,
  "test_conf_normalized_balanced_accuracy": 0.5375938827427555,
  "test_conf_absolute_accuracy": 0.7363468634686346,
  "test_conf_absolute_precision": 1.0,
  "test_conf_absolute_recall": 0.019217570350034317,
  "test_conf_absolute_f1": 0.03771043771043771,
  "test_conf_absolute_roc_auc": 0.544248783055203,
  "test_conf_absolute_bs": 0.2518625103939431,
  "test_conf_absolute_bs_mcb": 0.06567162258655276,
  "test_conf_absolute_bs_dsc": 0.010364544444349172,
  "test_conf_absolute_bs_unc": 0.1965554322517395,
  "test_conf_absolute_balanced_accuracy": 0.5096087851750172,
  "test_task_accuracy": 0.30545601909632536,
  "test_runtime": 111.3253,
  "test_samples_per_second": 48.686,
  "test_steps_per_second": 6.09,
  "instance_count": 5420
}