{
  "test_loss": 0.5578262209892273,
  "test_accuracy": 0.7019801980198019,
  "test_precision": 0.6240266963292548,
  "test_recall": 0.68,
  "test_f1": 0.6508120649651973,
  "test_roc_auc": 0.7779069354634208,
  "test_bs": 0.19012363283058667,
  "test_bs_mcb": 0.005909965728966349,
  "test_bs_dsc": 0.057398674825641816,
  "test_bs_unc": 0.24161234192726214,
  "test_balanced_accuracy": 0.6985774058577405,
  "test_conf_distribution_accuracy": 0.6879950495049505,
  "test_conf_distribution_precision": 0.6306608520630661,
  "test_conf_distribution_recall": 0.5696969696969697,
  "test_conf_distribution_f1": 0.5986307912752746,
  "test_conf_distribution_roc_auc": 0.7452270508431597,
  "test_conf_distribution_bs": 0.19906466467644704,
  "test_conf_distribution_bs_mcb": 0.0,
  "test_conf_distribution_bs_dsc": 0.0425476772508151,
  "test_conf_distribution_bs_unc": 0.24161234192726214,
  "test_conf_distribution_balanced_accuracy": 0.6696811208317485,
  "test_conf_normalized_accuracy": 0.46670792079207923,
  "test_conf_normalized_precision": 0.42798001427551746,
  "test_conf_normalized_recall": 0.9084848484848485,
  "test_conf_normalized_f1": 0.5818534691897137,
  "test_conf_normalized_roc_auc": 0.48468777735514135,
  "test_conf_normalized_bs": 0.43177760050010033,
  "test_conf_normalized_bs_mcb": 0.19364454465507194,
  "test_conf_normalized_bs_dsc": 0.0034792860822337457,
  "test_conf_normalized_bs_unc": 0.24161234192726214,
  "test_conf_normalized_balanced_accuracy": 0.5351001648281983,
  "test_conf_absolute_accuracy": 0.721039603960396,
  "test_conf_absolute_precision": 0.6700260078023407,
  "test_conf_absolute_recall": 0.6245454545454545,
  "test_conf_absolute_f1": 0.6464868255959849,
  "test_conf_absolute_roc_auc": 0.777014897933308,
  "test_conf_absolute_bs": 0.197051491439363,
  "test_conf_absolute_bs_mcb": 0.013310127627756213,
  "test_conf_absolute_bs_dsc": 0.057870978115655336,
  "test_conf_absolute_bs_unc": 0.24161234192726214,
  "test_conf_absolute_balanced_accuracy": 0.7061011791555725,
  "test_task_accuracy": 0.4269008340769119,
  "test_runtime": 300.8309,
  "test_samples_per_second": 26.859,
  "test_steps_per_second": 26.859,
  "instance_count": 8080,
  "n_long_sequences": 0.10594648166501487
}