{
  "test_loss": 0.5506612062454224,
  "test_accuracy": 0.7048450607772642,
  "test_precision": 0.7039249146757679,
  "test_recall": 0.3746594005449591,
  "test_f1": 0.4890337877889745,
  "test_roc_auc": 0.7714072544907213,
  "test_bs": 0.18872252262284442,
  "test_bs_mcb": 0.005662949902134562,
  "test_bs_dsc": 0.051809026567726985,
  "test_bs_unc": 0.23486859928843684,
  "test_balanced_accuracy": 0.6396517667742657,
  "test_conf_distribution_accuracy": 0.6726587913028591,
  "test_conf_distribution_precision": 0.6254325259515571,
  "test_conf_distribution_recall": 0.32833787465940056,
  "test_conf_distribution_f1": 0.4306134603930912,
  "test_conf_distribution_roc_auc": 0.7064823280142787,
  "test_conf_distribution_bs": 0.20552285203040435,
  "test_conf_distribution_bs_mcb": 0.0,
  "test_conf_distribution_bs_dsc": 0.02934574725803249,
  "test_conf_distribution_bs_unc": 0.23486859928843684,
  "test_conf_distribution_balanced_accuracy": 0.6046745707454739,
  "test_conf_normalized_accuracy": 0.4889573703133025,
  "test_conf_normalized_precision": 0.41301932903799154,
  "test_conf_normalized_recall": 0.8442325158946412,
  "test_conf_normalized_f1": 0.5546770102938983,
  "test_conf_normalized_roc_auc": 0.5131563052300252,
  "test_conf_normalized_bs": 0.3938782016363831,
  "test_conf_normalized_bs_mcb": 0.164666430940888,
  "test_conf_normalized_bs_dsc": 0.005656828592941754,
  "test_conf_normalized_bs_unc": 0.23486859928843684,
  "test_conf_normalized_balanced_accuracy": 0.5591044415142346,
  "test_conf_absolute_accuracy": 0.6488614963191235,
  "test_conf_absolute_precision": 0.8447488584474886,
  "test_conf_absolute_recall": 0.08401453224341508,
  "test_conf_absolute_f1": 0.15282940933498554,
  "test_conf_absolute_roc_auc": 0.5840389922574072,
  "test_conf_absolute_bs": 0.306347695837057,
  "test_conf_absolute_bs_mcb": 0.08561968125312625,
  "test_conf_absolute_bs_dsc": 0.014140584704506076,
  "test_conf_absolute_bs_unc": 0.23486859928843684,
  "test_conf_absolute_balanced_accuracy": 0.5373356530411909,
  "test_task_accuracy": 0.4000458164502027,
  "test_runtime": 117.5309,
  "test_samples_per_second": 49.698,
  "test_steps_per_second": 3.114,
  "instance_count": 5841
}