{
  "test_loss": 0.5429868698120117,
  "test_accuracy": 0.7192416817126644,
  "test_precision": 0.6617990654205608,
  "test_recall": 0.6898021308980213,
  "test_f1": 0.6755105082724698,
  "test_roc_auc": 0.7940349432399689,
  "test_bs": 0.18371275146180369,
  "test_bs_mcb": 0.004242929353172498,
  "test_bs_dsc": 0.06470120789184322,
  "test_bs_unc": 0.2441710300004744,
  "test_balanced_accuracy": 0.7153418799488989,
  "test_conf_distribution_accuracy": 0.6912561258705184,
  "test_conf_distribution_precision": 0.6585973656105376,
  "test_conf_distribution_recall": 0.563165905631659,
  "test_conf_distribution_f1": 0.6071545782737119,
  "test_conf_distribution_roc_auc": 0.7488710490975715,
  "test_conf_distribution_bs": 0.1993928111599239,
  "test_conf_distribution_bs_mcb": 0.0,
  "test_conf_distribution_bs_dsc": 0.0447782188405505,
  "test_conf_distribution_bs_unc": 0.2441710300004744,
  "test_conf_distribution_balanced_accuracy": 0.6742882560156505,
  "test_conf_normalized_accuracy": 0.5036110394635027,
  "test_conf_normalized_precision": 0.45685434516523865,
  "test_conf_normalized_recall": 0.9089802130898021,
  "test_conf_normalized_f1": 0.6080847164239894,
  "test_conf_normalized_roc_auc": 0.5225640664097981,
  "test_conf_normalized_bs": 0.40063695810090116,
  "test_conf_normalized_bs_mcb": 0.16348040417751228,
  "test_conf_normalized_bs_dsc": 0.007014476077085524,
  "test_conf_normalized_bs_unc": 0.2441710300004744,
  "test_conf_normalized_balanced_accuracy": 0.5573095292345408,
  "test_conf_absolute_accuracy": 0.7211761671395409,
  "test_conf_absolute_precision": 0.6884860691507217,
  "test_conf_absolute_recall": 0.6243531202435312,
  "test_conf_absolute_f1": 0.65485312899106,
  "test_conf_absolute_roc_auc": 0.7788487783080671,
  "test_conf_absolute_bs": 0.20104042135581685,
  "test_conf_absolute_bs_mcb": 0.015929404549976323,
  "test_conf_absolute_bs_dsc": 0.05906001319463389,
  "test_conf_absolute_bs_unc": 0.2441710300004744,
  "test_conf_absolute_balanced_accuracy": 0.7083502007572545,
  "test_task_accuracy": 0.43541918130696095,
  "test_runtime": 87.0097,
  "test_samples_per_second": 89.116,
  "test_steps_per_second": 11.148,
  "instance_count": 7754
}