{
  "test_loss": 0.4938153326511383,
  "test_accuracy": 0.7436183395291202,
  "test_precision": 0.5823361823361823,
  "test_recall": 0.43341815097540287,
  "test_f1": 0.49696085582300026,
  "test_roc_auc": 0.7771293950150034,
  "test_bs": 0.16585367097848738,
  "test_bs_mcb": 0.0033479862698676255,
  "test_bs_dsc": 0.04431069428006204,
  "test_bs_unc": 0.2068163789886818,
  "test_balanced_accuracy": 0.652545910221595,
  "test_conf_distribution_accuracy": 0.7324659231722429,
  "test_conf_distribution_precision": 0.5702187720536345,
  "test_conf_distribution_recall": 0.3426632739609839,
  "test_conf_distribution_f1": 0.42807947019867554,
  "test_conf_distribution_roc_auc": 0.7531018874895166,
  "test_conf_distribution_bs": 0.17329793541901592,
  "test_conf_distribution_bs_mcb": 0.0,
  "test_conf_distribution_bs_dsc": 0.03351844356966588,
  "test_conf_distribution_bs_unc": 0.2068163789886818,
  "test_conf_distribution_balanced_accuracy": 0.6180228134510802,
  "test_conf_normalized_accuracy": 0.37905824039653035,
  "test_conf_normalized_precision": 0.307110658717464,
  "test_conf_normalized_recall": 0.8956743002544529,
  "test_conf_normalized_f1": 0.4573903627504061,
  "test_conf_normalized_roc_auc": 0.45382977194270413,
  "test_conf_normalized_bs": 0.5078167930715489,
  "test_conf_normalized_bs_mcb": 0.3030644429164632,
  "test_conf_normalized_bs_dsc": 0.0020640288335960766,
  "test_conf_normalized_bs_unc": 0.2068163789886818,
  "test_conf_normalized_balanced_accuracy": 0.5307328083905318,
  "test_conf_absolute_accuracy": 0.7261462205700124,
  "test_conf_absolute_precision": 0.5367428003972194,
  "test_conf_absolute_recall": 0.4584393553859203,
  "test_conf_absolute_f1": 0.49451052150045743,
  "test_conf_absolute_roc_auc": 0.7288767394150195,
  "test_conf_absolute_bs": 0.19342885683846567,
  "test_conf_absolute_bs_mcb": 0.019525153254914218,
  "test_conf_absolute_bs_dsc": 0.03291267540513035,
  "test_conf_absolute_bs_unc": 0.2068163789886818,
  "test_conf_absolute_balanced_accuracy": 0.6475495096257333,
  "test_task_accuracy": 0.292174130076137,
  "test_runtime": 162.7928,
  "test_samples_per_second": 49.572,
  "test_steps_per_second": 49.572,
  "instance_count": 8070
}