{
  "test_loss": 0.7119892239570618,
  "test_accuracy": 0.6437509900205924,
  "test_precision": 0.5831721470019342,
  "test_recall": 0.24907063197026022,
  "test_f1": 0.34905933429811864,
  "test_roc_auc": 0.5469351550092905,
  "test_bs": 0.24880814610205787,
  "test_bs_mcb": 0.02340097151584214,
  "test_bs_dsc": 0.011019265149309815,
  "test_bs_unc": 0.23642643973552555,
  "test_balanced_accuracy": 0.5691653262626224,
  "test_conf_distribution_accuracy": 0.6408997307143989,
  "test_conf_distribution_precision": 0.671875,
  "test_conf_distribution_recall": 0.12432878975629905,
  "test_conf_distribution_f1": 0.20982920878354827,
  "test_conf_distribution_roc_auc": 0.6415861469082833,
  "test_conf_distribution_bs": 0.2201093841756633,
  "test_conf_distribution_bs_mcb": 0.0,
  "test_conf_distribution_bs_dsc": 0.016317055559862237,
  "test_conf_distribution_bs_unc": 0.23642643973552555,
  "test_conf_distribution_balanced_accuracy": 0.5432795027918186,
  "test_conf_normalized_accuracy": 0.4850308886424838,
  "test_conf_normalized_precision": 0.4054238833181404,
  "test_conf_normalized_recall": 0.734820322180917,
  "test_conf_normalized_f1": 0.5225436921721252,
  "test_conf_normalized_roc_auc": 0.5570600343941523,
  "test_conf_normalized_bs": 0.325667334944152,
  "test_conf_normalized_bs_mcb": 0.09320602454355831,
  "test_conf_normalized_bs_dsc": 0.003965129334931844,
  "test_conf_normalized_bs_unc": 0.23642643973552555,
  "test_conf_normalized_balanced_accuracy": 0.5322354437214964,
  "test_conf_absolute_accuracy": 0.618881672738793,
  "test_conf_absolute_precision": 0.5903614457831325,
  "test_conf_absolute_recall": 0.020239570425444033,
  "test_conf_absolute_f1": 0.03913738019169329,
  "test_conf_absolute_roc_auc": 0.4820533907446533,
  "test_conf_absolute_bs": 0.3508809361893028,
  "test_conf_absolute_bs_mcb": 0.11564576134839441,
  "test_conf_absolute_bs_dsc": 0.0011912648946171833,
  "test_conf_absolute_bs_unc": 0.23642643973552555,
  "test_conf_absolute_balanced_accuracy": 0.5057518509886727,
  "test_task_accuracy": 0.402041791508491,
  "test_runtime": 104.4658,
  "test_samples_per_second": 60.431,
  "test_steps_per_second": 7.562,
  "instance_count": 6313
}