{
  "test_loss": 0.7331784963607788,
  "test_accuracy": 0.6581001561186501,
  "test_precision": 0.75,
  "test_recall": 0.013574660633484163,
  "test_f1": 0.02666666666666667,
  "test_roc_auc": 0.498395593127012,
  "test_bs": 0.2567071241457907,
  "test_bs_mcb": 0.03761427349472643,
  "test_bs_dsc": 0.006889036089643863,
  "test_bs_unc": 0.22598188674070815,
  "test_balanced_accuracy": 0.5055955444714909,
  "test_conf_distribution_accuracy": 0.6661462711660863,
  "test_conf_distribution_precision": 0.5454545454545454,
  "test_conf_distribution_recall": 0.19422206752523494,
  "test_conf_distribution_f1": 0.2864476386036961,
  "test_conf_distribution_roc_auc": 0.6748944531301952,
  "test_conf_distribution_bs": 0.20522322870782,
  "test_conf_distribution_bs_mcb": 0.0,
  "test_conf_distribution_bs_dsc": 0.02075865803288815,
  "test_conf_distribution_bs_unc": 0.22598188674070815,
  "test_conf_distribution_balanced_accuracy": 0.5544817708363248,
  "test_conf_normalized_accuracy": 0.46859613306112646,
  "test_conf_normalized_precision": 0.37257799671592773,
  "test_conf_normalized_recall": 0.7897667942916812,
  "test_conf_normalized_f1": 0.5063036929599465,
  "test_conf_normalized_roc_auc": 0.5055172386945157,
  "test_conf_normalized_bs": 0.4446070217949387,
  "test_conf_normalized_bs_mcb": 0.22139501427065006,
  "test_conf_normalized_bs_dsc": 0.0027698792164194963,
  "test_conf_normalized_bs_unc": 0.22598188674070815,
  "test_conf_normalized_balanced_accuracy": 0.5445900344762403,
  "test_conf_absolute_accuracy": 0.714663143989432,
  "test_conf_absolute_precision": 0.849507735583685,
  "test_conf_absolute_recall": 0.21023320570831883,
  "test_conf_absolute_f1": 0.3370535714285714,
  "test_conf_absolute_roc_auc": 0.6271588175176723,
  "test_conf_absolute_bs": 0.24034797569607044,
  "test_conf_absolute_bs_mcb": 0.050516828498931715,
  "test_conf_absolute_bs_dsc": 0.03615073954356943,
  "test_conf_absolute_bs_unc": 0.22598188674070815,
  "test_conf_absolute_balanced_accuracy": 0.5953072885893996,
  "test_task_accuracy": 0.40472747651617946,
  "test_runtime": 401.8148,
  "test_samples_per_second": 20.723,
  "test_steps_per_second": 20.723,
  "instance_count": 8327
}