{
  "test_loss": 0.5015230178833008,
  "test_accuracy": 0.735856318152662,
  "test_precision": 0.6653012048192771,
  "test_recall": 0.36574380712677174,
  "test_f1": 0.4720061543721686,
  "test_roc_auc": 0.7861748180808513,
  "test_bs": 0.17095050510161805,
  "test_bs_mcb": 0.002057188604526111,
  "test_bs_dsc": 0.049711723227783666,
  "test_bs_unc": 0.2186050397248756,
  "test_balanced_accuracy": 0.6390161319038759,
  "test_conf_distribution_accuracy": 0.708146247594612,
  "test_conf_distribution_precision": 0.5918781725888325,
  "test_conf_distribution_recall": 0.3089150880911379,
  "test_conf_distribution_f1": 0.40595352075898683,
  "test_conf_distribution_roc_auc": 0.729628249934059,
  "test_conf_distribution_bs": 0.18732466123083263,
  "test_conf_distribution_bs_mcb": 0.0,
  "test_conf_distribution_bs_dsc": 0.03128037849404297,
  "test_conf_distribution_bs_unc": 0.2186050397248756,
  "test_conf_distribution_balanced_accuracy": 0.6036871474807799,
  "test_conf_normalized_accuracy": 0.45661748984391703,
  "test_conf_normalized_precision": 0.35274637432910816,
  "test_conf_normalized_recall": 0.8183865412637435,
  "test_conf_normalized_f1": 0.4929976459322507,
  "test_conf_normalized_roc_auc": 0.4971125875901591,
  "test_conf_normalized_bs": 0.4174604094222773,
  "test_conf_normalized_bs_mcb": 0.20201136511023113,
  "test_conf_normalized_bs_dsc": 0.003155995412829432,
  "test_conf_normalized_bs_unc": 0.2186050397248756,
  "test_conf_normalized_balanced_accuracy": 0.5512746043019905,
  "test_conf_absolute_accuracy": 0.6905708787684413,
  "test_conf_absolute_precision": 0.8174442190669371,
  "test_conf_absolute_recall": 0.05338455424559544,
  "test_conf_absolute_f1": 0.10022382491917434,
  "test_conf_absolute_roc_auc": 0.5811921513301779,
  "test_conf_absolute_bs": 0.2781195177167975,
  "test_conf_absolute_bs_mcb": 0.07180492422264201,
  "test_conf_absolute_bs_dsc": 0.01229044623072012,
  "test_conf_absolute_bs_unc": 0.2186050397248756,
  "test_conf_absolute_balanced_accuracy": 0.5238506504493954,
  "test_task_accuracy": 0.34483077190587363,
  "test_runtime": 470.6682,
  "test_samples_per_second": 49.685,
  "test_steps_per_second": 3.106,
  "instance_count": 23385
}