{
  "test_loss": 0.5459320545196533,
  "test_accuracy": 0.7173044710733153,
  "test_precision": 0.6692307692307692,
  "test_recall": 0.6424615384615384,
  "test_f1": 0.6555729984301413,
  "test_roc_auc": 0.789912794365909,
  "test_bs": 0.18415461017987253,
  "test_bs_mcb": 0.0035790983525045006,
  "test_bs_dsc": 0.06282462677743708,
  "test_bs_unc": 0.2434001386048051,
  "test_balanced_accuracy": 0.7068437153624474,
  "test_conf_distribution_accuracy": 0.6879268135549542,
  "test_conf_distribution_precision": 0.6374501992031872,
  "test_conf_distribution_recall": 0.5907692307692308,
  "test_conf_distribution_f1": 0.613222612583839,
  "test_conf_distribution_roc_auc": 0.7471475538427433,
  "test_conf_distribution_bs": 0.19938751688121478,
  "test_conf_distribution_bs_mcb": 0.0,
  "test_conf_distribution_bs_dsc": 0.04401262172359033,
  "test_conf_distribution_bs_unc": 0.2434001386048051,
  "test_conf_distribution_balanced_accuracy": 0.6743471514076702,
  "test_conf_normalized_accuracy": 0.48730833655456773,
  "test_conf_normalized_precision": 0.4451136876976359,
  "test_conf_normalized_recall": 0.9095384615384615,
  "test_conf_normalized_f1": 0.5977150945303811,
  "test_conf_normalized_roc_auc": 0.5043748443974558,
  "test_conf_normalized_bs": 0.41226289391982673,
  "test_conf_normalized_bs_mcb": 0.17466696490253653,
  "test_conf_normalized_bs_dsc": 0.0058042095875149025,
  "test_conf_normalized_bs_unc": 0.2434001386048051,
  "test_conf_normalized_balanced_accuracy": 0.5463232099312791,
  "test_conf_absolute_accuracy": 0.7125370441953357,
  "test_conf_absolute_precision": 0.6723030098072371,
  "test_conf_absolute_recall": 0.6116923076923076,
  "test_conf_absolute_f1": 0.6405671016594168,
  "test_conf_absolute_roc_auc": 0.7678810429207238,
  "test_conf_absolute_bs": 0.2044603390611861,
  "test_conf_absolute_bs_mcb": 0.016393351275491824,
  "test_conf_absolute_bs_dsc": 0.05533315081911083,
  "test_conf_absolute_bs_unc": 0.2434001386048051,
  "test_conf_absolute_balanced_accuracy": 0.6984420305918865,
  "test_task_accuracy": 0.4467098931602704,
  "test_runtime": 129.7903,
  "test_samples_per_second": 59.796,
  "test_steps_per_second": 7.481,
  "instance_count": 7761,
  "n_long_sequences": 0.1103028426972089
}