{
  "test_loss": 0.5026963949203491,
  "test_accuracy": 0.7446562947232354,
  "test_precision": 0.6484007525870179,
  "test_recall": 0.405858972471662,
  "test_f1": 0.49923042100497966,
  "test_roc_auc": 0.7918926803181408,
  "test_bs": 0.167222999332972,
  "test_bs_mcb": 0.002739645238759303,
  "test_bs_dsc": 0.050773585936133236,
  "test_bs_unc": 0.21525694003034593,
  "test_balanced_accuracy": 0.6526537262143083,
  "test_conf_distribution_accuracy": 0.7101241863256544,
  "test_conf_distribution_precision": 0.6008634222919937,
  "test_conf_distribution_recall": 0.2253790666862947,
  "test_conf_distribution_f1": 0.3278021625093673,
  "test_conf_distribution_roc_auc": 0.7133645455344386,
  "test_conf_distribution_bs": 0.18880809908211577,
  "test_conf_distribution_bs_mcb": 0.0,
  "test_conf_distribution_bs_dsc": 0.026448840948230162,
  "test_conf_distribution_bs_unc": 0.21525694003034593,
  "test_conf_distribution_balanced_accuracy": 0.578488564820145,
  "test_conf_normalized_accuracy": 0.46899958450671714,
  "test_conf_normalized_precision": 0.3482045000322352,
  "test_conf_normalized_recall": 0.7950831738554395,
  "test_conf_normalized_f1": 0.4843077474892396,
  "test_conf_normalized_roc_auc": 0.5194259213647942,
  "test_conf_normalized_bs": 0.40298394136403254,
  "test_conf_normalized_bs_mcb": 0.1912167882402942,
  "test_conf_normalized_bs_dsc": 0.0034897869066075893,
  "test_conf_normalized_bs_unc": 0.21525694003034593,
  "test_conf_normalized_balanced_accuracy": 0.5575496579527399,
  "test_conf_absolute_accuracy": 0.7007063385808596,
  "test_conf_absolute_precision": 0.8137651821862348,
  "test_conf_absolute_recall": 0.05917856617105844,
  "test_conf_absolute_f1": 0.1103334705640181,
  "test_conf_absolute_roc_auc": 0.5783174877238557,
  "test_conf_absolute_bs": 0.27259362871375825,
  "test_conf_absolute_bs_mcb": 0.06960676307703775,
  "test_conf_absolute_bs_dsc": 0.01227007439362543,
  "test_conf_absolute_bs_unc": 0.21525694003034593,
  "test_conf_absolute_balanced_accuracy": 0.5264953901611279,
  "test_task_accuracy": 0.3359946445030389,
  "test_runtime": 371.4348,
  "test_samples_per_second": 58.317,
  "test_steps_per_second": 3.645,
  "instance_count": 21661
}