{
  "test_loss": 0.36194705963134766,
  "test_accuracy": 0.804382815401758,
  "test_precision": 0.5454545454545454,
  "test_recall": 0.1044776119402985,
  "test_f1": 0.1753653444676409,
  "test_roc_auc": 0.8382042004385246,
  "test_bs": 0.12299165355261857,
  "test_bs_mcb": 0.002378495953389584,
  "test_bs_dsc": 0.03883629396138079,
  "test_bs_unc": 0.15944945156060977,
  "test_balanced_accuracy": 0.5414179681281335,
  "test_conf_distribution_accuracy": 0.809211340844373,
  "test_conf_distribution_precision": 0.5433376455368694,
  "test_conf_distribution_recall": 0.26119402985074625,
  "test_conf_distribution_f1": 0.35279294414111717,
  "test_conf_distribution_roc_auc": 0.8378361035293466,
  "test_conf_distribution_bs": 0.12205041439222306,
  "test_conf_distribution_bs_mcb": 0.0,
  "test_conf_distribution_bs_dsc": 0.03739903716838672,
  "test_conf_distribution_bs_unc": 0.15944945156060977,
  "test_conf_distribution_balanced_accuracy": 0.6033130452237191,
  "test_conf_normalized_accuracy": 0.2812925591184846,
  "test_conf_normalized_precision": 0.20017145306472353,
  "test_conf_normalized_recall": 0.871268656716418,
  "test_conf_normalized_f1": 0.3255489717671663,
  "test_conf_normalized_roc_auc": 0.316569013796376,
  "test_conf_normalized_bs": 0.6118028349529608,
  "test_conf_normalized_bs_mcb": 0.4526218944774548,
  "test_conf_normalized_bs_dsc": 0.00026851108510375643,
  "test_conf_normalized_bs_unc": 0.15944945156060977,
  "test_conf_normalized_balanced_accuracy": 0.5029553980753214,
  "test_conf_absolute_accuracy": 0.80091618175065,
  "test_conf_absolute_precision": 0.0,
  "test_conf_absolute_recall": 0.0,
  "test_conf_absolute_f1": 0.0,
  "test_conf_absolute_roc_auc": 0.581094325481881,
  "test_conf_absolute_bs": 0.1922916427277811,
  "test_conf_absolute_bs_mcb": 0.03717971701608905,
  "test_conf_absolute_bs_dsc": 0.004337525848917723,
  "test_conf_absolute_bs_unc": 0.15944945156060977,
  "test_conf_absolute_balanced_accuracy": 0.5,
  "test_task_accuracy": 0.23598713763822168,
  "test_runtime": 678.8748,
  "test_samples_per_second": 11.898,
  "test_steps_per_second": 11.898,
  "instance_count": 8077
}