{
  "test_loss": 0.5213862061500549,
  "test_accuracy": 0.7302789580639202,
  "test_precision": 0.5804140127388535,
  "test_recall": 0.43862815884476536,
  "test_f1": 0.4996572995202193,
  "test_roc_auc": 0.7618426502230773,
  "test_bs": 0.1764175291360361,
  "test_bs_mcb": 0.003857149656862374,
  "test_bs_dsc": 0.04020552278026704,
  "test_bs_unc": 0.21276590225944075,
  "test_balanced_accuracy": 0.6490661455380852,
  "test_conf_distribution_accuracy": 0.7164234250877517,
  "test_conf_distribution_precision": 0.5898161244695899,
  "test_conf_distribution_recall": 0.2509025270758123,
  "test_conf_distribution_f1": 0.3520472773322077,
  "test_conf_distribution_roc_auc": 0.7172383393309317,
  "test_conf_distribution_bs": 0.18620641477967506,
  "test_conf_distribution_bs_mcb": 0.0,
  "test_conf_distribution_bs_dsc": 0.026559487479765692,
  "test_conf_distribution_bs_unc": 0.21276590225944075,
  "test_conf_distribution_balanced_accuracy": 0.586794905233454,
  "test_conf_normalized_accuracy": 0.4769998152595603,
  "test_conf_normalized_precision": 0.34325556449450256,
  "test_conf_normalized_recall": 0.7701564380264742,
  "test_conf_normalized_f1": 0.47486551660174375,
  "test_conf_normalized_roc_auc": 0.5216482985203144,
  "test_conf_normalized_bs": 0.4031210870958654,
  "test_conf_normalized_bs_mcb": 0.19394253368744613,
  "test_conf_normalized_bs_dsc": 0.0035873488510214657,
  "test_conf_normalized_bs_unc": 0.21276590225944075,
  "test_conf_normalized_balanced_accuracy": 0.5586319380215016,
  "test_conf_absolute_accuracy": 0.7027526325512655,
  "test_conf_absolute_precision": 0.6802721088435374,
  "test_conf_absolute_recall": 0.06016847172081829,
  "test_conf_absolute_f1": 0.11055831951354338,
  "test_conf_absolute_roc_auc": 0.5617211262716625,
  "test_conf_absolute_bs": 0.26713914361320995,
  "test_conf_absolute_bs_mcb": 0.06581484292563705,
  "test_conf_absolute_bs_dsc": 0.011441601571867854,
  "test_conf_absolute_bs_unc": 0.21276590225944075,
  "test_conf_absolute_balanced_accuracy": 0.5238192398593428,
  "test_task_accuracy": 0.32644605500983354,
  "test_runtime": 110.8839,
  "test_samples_per_second": 48.817,
  "test_steps_per_second": 6.105,
  "instance_count": 5413
}