{
  "test_loss": 0.6317355036735535,
  "test_accuracy": 0.6329341317365269,
  "test_precision": 0.5694444444444444,
  "test_recall": 0.5995821727019499,
  "test_f1": 0.5841248303934871,
  "test_roc_auc": 0.6831040171988015,
  "test_bs": 0.22041994444383536,
  "test_bs_mcb": 0.002890597193236838,
  "test_bs_dsc": 0.027562265930225455,
  "test_bs_unc": 0.24509161318082398,
  "test_balanced_accuracy": 0.6288352039980338,
  "test_conf_distribution_accuracy": 0.6714071856287425,
  "test_conf_distribution_precision": 0.6062794348508634,
  "test_conf_distribution_recall": 0.6723537604456824,
  "test_conf_distribution_f1": 0.63760937757966,
  "test_conf_distribution_roc_auc": 0.7046742965988625,
  "test_conf_distribution_bs": 0.21240711523625566,
  "test_conf_distribution_bs_mcb": 0.0,
  "test_conf_distribution_bs_dsc": 0.03268449794456832,
  "test_conf_distribution_bs_unc": 0.24509161318082398,
  "test_conf_distribution_balanced_accuracy": 0.6715235188783033,
  "test_conf_normalized_accuracy": 0.49820359281437127,
  "test_conf_normalized_precision": 0.45998666222074025,
  "test_conf_normalized_recall": 0.9606545961002786,
  "test_conf_normalized_f1": 0.622096956031567,
  "test_conf_normalized_roc_auc": 0.5350901415580159,
  "test_conf_normalized_bs": 0.37677931826266486,
  "test_conf_normalized_bs_mcb": 0.14076406009469594,
  "test_conf_normalized_bs_dsc": 0.009076355012855059,
  "test_conf_normalized_bs_unc": 0.24509161318082398,
  "test_conf_normalized_balanced_accuracy": 0.5550384325039208,
  "test_conf_absolute_accuracy": 0.6718562874251497,
  "test_conf_absolute_precision": 0.622478386167147,
  "test_conf_absolute_recall": 0.6016713091922006,
  "test_conf_absolute_f1": 0.6118980169971672,
  "test_conf_absolute_roc_auc": 0.7220976656679385,
  "test_conf_absolute_bs": 0.23246392890992432,
  "test_conf_absolute_bs_mcb": 0.027538294363839783,
  "test_conf_absolute_bs_dsc": 0.040165978634739447,
  "test_conf_absolute_bs_unc": 0.24509161318082398,
  "test_conf_absolute_balanced_accuracy": 0.6632306125792935,
  "test_task_accuracy": 0.4798864199285607,
  "test_runtime": 268.5017,
  "test_samples_per_second": 24.879,
  "test_steps_per_second": 24.879,
  "instance_count": 6680
}