{
  "test_loss": 0.5452317595481873,
  "test_accuracy": 0.7044362292051756,
  "test_precision": 0.621021021021021,
  "test_recall": 0.5164835164835165,
  "test_f1": 0.5639487319334605,
  "test_roc_auc": 0.7651789231894865,
  "test_bs": 0.1871025383035189,
  "test_bs_mcb": 0.0037861415494997996,
  "test_bs_dsc": 0.04979801791587746,
  "test_bs_unc": 0.23311441466989655,
  "test_balanced_accuracy": 0.6656654671619461,
  "test_conf_distribution_accuracy": 0.6720887245841035,
  "test_conf_distribution_precision": 0.6280898876404495,
  "test_conf_distribution_recall": 0.2792207792207792,
  "test_conf_distribution_f1": 0.3865836791147994,
  "test_conf_distribution_roc_auc": 0.6931734638600836,
  "test_conf_distribution_bs": 0.20741626316692668,
  "test_conf_distribution_bs_mcb": 0.0,
  "test_conf_distribution_bs_dsc": 0.025698151502969863,
  "test_conf_distribution_bs_unc": 0.23311441466989655,
  "test_conf_distribution_balanced_accuracy": 0.5910481830376196,
  "test_conf_normalized_accuracy": 0.49574861367837336,
  "test_conf_normalized_precision": 0.41032608695652173,
  "test_conf_normalized_recall": 0.8296703296703297,
  "test_conf_normalized_f1": 0.5490909090909092,
  "test_conf_normalized_roc_auc": 0.5279813349795744,
  "test_conf_normalized_bs": 0.3839799616221423,
  "test_conf_normalized_bs_mcb": 0.15698937667620477,
  "test_conf_normalized_bs_dsc": 0.006123829723959001,
  "test_conf_normalized_bs_unc": 0.23311441466989655,
  "test_conf_normalized_balanced_accuracy": 0.5646297657741319,
  "test_conf_absolute_accuracy": 0.6532347504621072,
  "test_conf_absolute_precision": 0.842391304347826,
  "test_conf_absolute_recall": 0.07742257742257742,
  "test_conf_absolute_f1": 0.14181152790484905,
  "test_conf_absolute_roc_auc": 0.5782964101626074,
  "test_conf_absolute_bs": 0.30662941878128014,
  "test_conf_absolute_bs_mcb": 0.08649037499326842,
  "test_conf_absolute_bs_dsc": 0.012975370881884829,
  "test_conf_absolute_bs_unc": 0.23311441466989655,
  "test_conf_absolute_balanced_accuracy": 0.534456593875608,
  "test_task_accuracy": 0.3891870323070551,
  "test_runtime": 58.1463,
  "test_samples_per_second": 93.041,
  "test_steps_per_second": 11.643,
  "instance_count": 5410
}