{
  "test_loss": 0.4820269048213959,
  "test_accuracy": 0.749419654371937,
  "test_precision": 0.5773109243697478,
  "test_recall": 0.3229901269393512,
  "test_f1": 0.414229725655713,
  "test_roc_auc": 0.7716767308937389,
  "test_bs": 0.1622688016469,
  "test_bs_mcb": 0.0016283678105414034,
  "test_bs_dsc": 0.03842360519889951,
  "test_bs_unc": 0.1990640390352581,
  "test_balanced_accuracy": 0.6167998439921565,
  "test_conf_distribution_accuracy": 0.7403920557131803,
  "test_conf_distribution_precision": 0.5874233128834356,
  "test_conf_distribution_recall": 0.18006582040432534,
  "test_conf_distribution_f1": 0.275638718963656,
  "test_conf_distribution_roc_auc": 0.7535699786500191,
  "test_conf_distribution_bs": 0.16780444022235688,
  "test_conf_distribution_bs_mcb": 0.0,
  "test_conf_distribution_bs_dsc": 0.03125959881290122,
  "test_conf_distribution_bs_unc": 0.1990640390352581,
  "test_conf_distribution_balanced_accuracy": 0.5661302977976843,
  "test_conf_normalized_accuracy": 0.3738715501676554,
  "test_conf_normalized_precision": 0.2887890987921957,
  "test_conf_normalized_recall": 0.8768218147625764,
  "test_conf_normalized_f1": 0.4344787419918462,
  "test_conf_normalized_roc_auc": 0.4475652975791964,
  "test_conf_normalized_bs": 0.5106310490821513,
  "test_conf_normalized_bs_mcb": 0.3135106134706811,
  "test_conf_normalized_bs_dsc": 0.0019436034237879374,
  "test_conf_normalized_bs_unc": 0.1990640390352581,
  "test_conf_normalized_balanced_accuracy": 0.5302893506014765,
  "test_conf_absolute_accuracy": 0.7340727366520505,
  "test_conf_absolute_precision": 0.523197715917202,
  "test_conf_absolute_recall": 0.3446168312176775,
  "test_conf_absolute_f1": 0.4155328798185941,
  "test_conf_absolute_roc_auc": 0.6956843177276194,
  "test_conf_absolute_bs": 0.19914649226455475,
  "test_conf_absolute_bs_mcb": 0.02398174757441554,
  "test_conf_absolute_bs_dsc": 0.023899294345118893,
  "test_conf_absolute_bs_unc": 0.1990640390352581,
  "test_conf_absolute_balanced_accuracy": 0.6129517424259705,
  "test_task_accuracy": 0.3084850942801266,
  "test_runtime": 160.418,
  "test_samples_per_second": 48.336,
  "test_steps_per_second": 6.047,
  "instance_count": 7754
}