{
  "test_loss": 0.480629026889801,
  "test_accuracy": 0.7601476014760148,
  "test_precision": 0.5844875346260388,
  "test_recall": 0.2967651195499297,
  "test_f1": 0.39365671641791045,
  "test_roc_auc": 0.7673945974393667,
  "test_bs": 0.16125998935712677,
  "test_bs_mcb": 0.004050075305465195,
  "test_bs_dsc": 0.03631808801802702,
  "test_bs_unc": 0.1935280020696886,
  "test_balanced_accuracy": 0.610863800395275,
  "test_conf_distribution_accuracy": 0.7498154981549815,
  "test_conf_distribution_precision": 0.5774647887323944,
  "test_conf_distribution_recall": 0.1729957805907173,
  "test_conf_distribution_f1": 0.2662337662337662,
  "test_conf_distribution_roc_auc": 0.7203712615801572,
  "test_conf_distribution_bs": 0.17028784944260913,
  "test_conf_distribution_bs_mcb": 0.0,
  "test_conf_distribution_bs_dsc": 0.023240152627079458,
  "test_conf_distribution_bs_unc": 0.1935280020696886,
  "test_conf_distribution_balanced_accuracy": 0.5639866346675447,
  "test_conf_normalized_accuracy": 0.4103321033210332,
  "test_conf_normalized_precision": 0.2764616935483871,
  "test_conf_normalized_recall": 0.7714486638537271,
  "test_conf_normalized_f1": 0.4070500927643785,
  "test_conf_normalized_roc_auc": 0.46665245421585616,
  "test_conf_normalized_bs": 0.42965033566095906,
  "test_conf_normalized_bs_mcb": 0.23788557497644283,
  "test_conf_normalized_bs_dsc": 0.001763241385172365,
  "test_conf_normalized_bs_unc": 0.1935280020696886,
  "test_conf_normalized_balanced_accuracy": 0.5266698046632318,
  "test_conf_absolute_accuracy": 0.7472324723247232,
  "test_conf_absolute_precision": 0.9642857142857143,
  "test_conf_absolute_recall": 0.0379746835443038,
  "test_conf_absolute_f1": 0.07307171853856563,
  "test_conf_absolute_roc_auc": 0.5549321777625803,
  "test_conf_absolute_bs": 0.24094322606352386,
  "test_conf_absolute_bs_mcb": 0.05865052891805195,
  "test_conf_absolute_bs_dsc": 0.011235304924216677,
  "test_conf_absolute_bs_unc": 0.1935280020696886,
  "test_conf_absolute_balanced_accuracy": 0.5187372167096207,
  "test_task_accuracy": 0.29152142982905466,
  "test_runtime": 110.2885,
  "test_samples_per_second": 49.144,
  "test_steps_per_second": 6.148,
  "instance_count": 5420
}