{
  "test_loss": 0.5015162229537964,
  "test_accuracy": 0.7429050567595459,
  "test_precision": 0.6939010356731876,
  "test_recall": 0.45219347581552305,
  "test_f1": 0.5475595913734393,
  "test_roc_auc": 0.7993854013086122,
  "test_bs": 0.1691654417859642,
  "test_bs_mcb": 0.002940208928082416,
  "test_bs_dsc": 0.05945132279778445,
  "test_bs_unc": 0.22567655565566624,
  "test_balanced_accuracy": 0.6737860201103181,
  "test_conf_distribution_accuracy": 0.7198142414860681,
  "test_conf_distribution_precision": 0.627643115007736,
  "test_conf_distribution_recall": 0.4563179602549681,
  "test_conf_distribution_f1": 0.5284411636995224,
  "test_conf_distribution_roc_auc": 0.7687600996778057,
  "test_conf_distribution_bs": 0.1809793243752192,
  "test_conf_distribution_bs_mcb": 0.0,
  "test_conf_distribution_bs_dsc": 0.04469723128044703,
  "test_conf_distribution_bs_unc": 0.22567655565566624,
  "test_conf_distribution_balanced_accuracy": 0.6571658631166679,
  "test_conf_normalized_accuracy": 0.4490454076367389,
  "test_conf_normalized_precision": 0.3713506576836702,
  "test_conf_normalized_recall": 0.8680164979377578,
  "test_conf_normalized_f1": 0.5201662734524211,
  "test_conf_normalized_roc_auc": 0.49493009538999366,
  "test_conf_normalized_bs": 0.43941512147862294,
  "test_conf_normalized_bs_mcb": 0.21771546431504693,
  "test_conf_normalized_bs_dsc": 0.003976898492090236,
  "test_conf_normalized_bs_unc": 0.22567655565566624,
  "test_conf_normalized_balanced_accuracy": 0.5486591830888395,
  "test_conf_absolute_accuracy": 0.7245872033023736,
  "test_conf_absolute_precision": 0.634479271991911,
  "test_conf_absolute_recall": 0.4705661792275965,
  "test_conf_absolute_f1": 0.5403659849300322,
  "test_conf_absolute_roc_auc": 0.7524173416376051,
  "test_conf_absolute_bs": 0.19533496941292777,
  "test_conf_absolute_bs_mcb": 0.013777941520434989,
  "test_conf_absolute_bs_dsc": 0.04411952776317346,
  "test_conf_absolute_bs_unc": 0.22567655565566624,
  "test_conf_absolute_balanced_accuracy": 0.6641916441860697,
  "test_task_accuracy": 0.35085741547476756,
  "test_runtime": 84.4393,
  "test_samples_per_second": 91.806,
  "test_steps_per_second": 11.476,
  "instance_count": 7752
}