{
  "test_loss": 0.5453798174858093,
  "test_accuracy": 0.7127541589648798,
  "test_precision": 0.6879194630872483,
  "test_recall": 0.4095904095904096,
  "test_f1": 0.5134627426424547,
  "test_roc_auc": 0.765768635707016,
  "test_bs": 0.18531429737221605,
  "test_bs_mcb": 0.004215128264122681,
  "test_bs_dsc": 0.052015245561803175,
  "test_bs_unc": 0.23311441466989655,
  "test_balanced_accuracy": 0.6502177400064724,
  "test_conf_distribution_accuracy": 0.6720887245841035,
  "test_conf_distribution_precision": 0.6280898876404495,
  "test_conf_distribution_recall": 0.2792207792207792,
  "test_conf_distribution_f1": 0.3865836791147994,
  "test_conf_distribution_roc_auc": 0.6931734638600836,
  "test_conf_distribution_bs": 0.20741626316692668,
  "test_conf_distribution_bs_mcb": 0.0,
  "test_conf_distribution_bs_dsc": 0.025698151502969863,
  "test_conf_distribution_bs_unc": 0.23311441466989655,
  "test_conf_distribution_balanced_accuracy": 0.5910481830376196,
  "test_conf_normalized_accuracy": 0.49574861367837336,
  "test_conf_normalized_precision": 0.41032608695652173,
  "test_conf_normalized_recall": 0.8296703296703297,
  "test_conf_normalized_f1": 0.5490909090909092,
  "test_conf_normalized_roc_auc": 0.5279813349795744,
  "test_conf_normalized_bs": 0.3839799616221423,
  "test_conf_normalized_bs_mcb": 0.15698937667620477,
  "test_conf_normalized_bs_dsc": 0.006123829723959001,
  "test_conf_normalized_bs_unc": 0.23311441466989655,
  "test_conf_normalized_balanced_accuracy": 0.5646297657741319,
  "test_conf_absolute_accuracy": 0.6532347504621072,
  "test_conf_absolute_precision": 0.842391304347826,
  "test_conf_absolute_recall": 0.07742257742257742,
  "test_conf_absolute_f1": 0.14181152790484905,
  "test_conf_absolute_roc_auc": 0.5782964101626074,
  "test_conf_absolute_bs": 0.30662941878128014,
  "test_conf_absolute_bs_mcb": 0.08649037499326842,
  "test_conf_absolute_bs_dsc": 0.012975370881884829,
  "test_conf_absolute_bs_unc": 0.23311441466989655,
  "test_conf_absolute_balanced_accuracy": 0.534456593875608,
  "test_task_accuracy": 0.3891870323070551,
  "test_runtime": 110.4169,
  "test_samples_per_second": 48.996,
  "test_steps_per_second": 6.131,
  "instance_count": 5410
}