{
  "test_loss": 0.509436309337616,
  "test_accuracy": 0.7322672169202992,
  "test_precision": 0.6078320090805902,
  "test_recall": 0.43607491856677527,
  "test_f1": 0.507823613086771,
  "test_roc_auc": 0.7717266702572294,
  "test_bs": 0.17272066387925988,
  "test_bs_mcb": 0.002281109593406744,
  "test_bs_dsc": 0.045976125467810075,
  "test_bs_unc": 0.21641567975366321,
  "test_balanced_accuracy": 0.6528241712501676,
  "test_conf_distribution_accuracy": 0.7143409852979108,
  "test_conf_distribution_precision": 0.6025531914893617,
  "test_conf_distribution_recall": 0.28827361563517917,
  "test_conf_distribution_f1": 0.3899752134398238,
  "test_conf_distribution_roc_auc": 0.7410978329970255,
  "test_conf_distribution_bs": 0.18280306833459942,
  "test_conf_distribution_bs_mcb": 0.0,
  "test_conf_distribution_bs_dsc": 0.0336126114190638,
  "test_conf_distribution_bs_unc": 0.21641567975366321,
  "test_conf_distribution_balanced_accuracy": 0.6000635726345016,
  "test_conf_normalized_accuracy": 0.41978333763218983,
  "test_conf_normalized_precision": 0.33839582344565733,
  "test_conf_normalized_recall": 0.870928338762215,
  "test_conf_normalized_f1": 0.48741027685997496,
  "test_conf_normalized_roc_auc": 0.4929318865947817,
  "test_conf_normalized_bs": 0.4638954485485808,
  "test_conf_normalized_bs_mcb": 0.2502371041197769,
  "test_conf_normalized_bs_dsc": 0.0027573353248593335,
  "test_conf_normalized_bs_unc": 0.21641567975366321,
  "test_conf_normalized_balanced_accuracy": 0.5407869326880157,
  "test_conf_absolute_accuracy": 0.7205313386639154,
  "test_conf_absolute_precision": 0.5688423058599333,
  "test_conf_absolute_recall": 0.48615635179153094,
  "test_conf_absolute_f1": 0.5242590559824369,
  "test_conf_absolute_roc_auc": 0.729322754699395,
  "test_conf_absolute_bs": 0.20042529401862513,
  "test_conf_absolute_bs_mcb": 0.017736778693188987,
  "test_conf_absolute_bs_dsc": 0.03372716442822707,
  "test_conf_absolute_bs_unc": 0.21641567975366321,
  "test_conf_absolute_balanced_accuracy": 0.6576685873717942,
  "test_task_accuracy": 0.31503378505031776,
  "test_runtime": 83.7569,
  "test_samples_per_second": 92.577,
  "test_steps_per_second": 11.581,
  "instance_count": 7754
}