{
  "test_loss": 0.488866925239563,
  "test_accuracy": 0.7500929252880684,
  "test_precision": 0.7088459285295841,
  "test_recall": 0.4432234432234432,
  "test_f1": 0.545413567725941,
  "test_roc_auc": 0.8077662398763318,
  "test_bs": 0.1643021092190122,
  "test_bs_mcb": 0.002289756112708846,
  "test_bs_dsc": 0.06182395310194408,
  "test_bs_unc": 0.22383630620824743,
  "test_balanced_accuracy": 0.6750848539839365,
  "test_conf_distribution_accuracy": 0.729029859992566,
  "test_conf_distribution_precision": 0.6257526632700324,
  "test_conf_distribution_recall": 0.4948717948717949,
  "test_conf_distribution_f1": 0.5526692575168746,
  "test_conf_distribution_roc_auc": 0.7802467675244309,
  "test_conf_distribution_bs": 0.17612594618165317,
  "test_conf_distribution_bs_mcb": 0.0,
  "test_conf_distribution_bs_dsc": 0.04771036002659426,
  "test_conf_distribution_bs_unc": 0.22383630620824743,
  "test_conf_distribution_balanced_accuracy": 0.6717946317553133,
  "test_conf_normalized_accuracy": 0.4358815512328088,
  "test_conf_normalized_precision": 0.3621654317253894,
  "test_conf_normalized_recall": 0.8772893772893773,
  "test_conf_normalized_f1": 0.512683292304399,
  "test_conf_normalized_roc_auc": 0.4732905239926397,
  "test_conf_normalized_bs": 0.4558228171061657,
  "test_conf_normalized_bs_mcb": 0.23540147703608752,
  "test_conf_normalized_bs_dsc": 0.003414966138169273,
  "test_conf_normalized_bs_unc": 0.22383630620824743,
  "test_conf_normalized_balanced_accuracy": 0.5437748140893619,
  "test_conf_absolute_accuracy": 0.7306405649857515,
  "test_conf_absolute_precision": 0.633525456292027,
  "test_conf_absolute_recall": 0.48315018315018315,
  "test_conf_absolute_f1": 0.5482128013300083,
  "test_conf_absolute_roc_auc": 0.7686882798285157,
  "test_conf_absolute_bs": 0.185310441128753,
  "test_conf_absolute_bs_mcb": 0.01080609913850994,
  "test_conf_absolute_bs_dsc": 0.04933196421800437,
  "test_conf_absolute_bs_unc": 0.22383630620824743,
  "test_conf_absolute_balanced_accuracy": 0.6701465201465201,
  "test_task_accuracy": 0.3467881940605689,
  "test_runtime": 679.7006,
  "test_samples_per_second": 11.874,
  "test_steps_per_second": 11.874,
  "instance_count": 8071
}