{
  "test_loss": 0.4855477809906006,
  "test_accuracy": 0.7463148767496594,
  "test_precision": 0.5605947955390335,
  "test_recall": 0.3410221619176843,
  "test_f1": 0.4240719910011249,
  "test_roc_auc": 0.7740051950168205,
  "test_bs": 0.16265894359582725,
  "test_bs_mcb": 0.0026323747744227965,
  "test_bs_dsc": 0.038841314695793244,
  "test_bs_unc": 0.1988678835171977,
  "test_balanced_accuracy": 0.6201016643774706,
  "test_conf_distribution_accuracy": 0.7422271770097857,
  "test_conf_distribution_precision": 0.5745412844036697,
  "test_conf_distribution_recall": 0.2265943012211669,
  "test_conf_distribution_f1": 0.3250081089847551,
  "test_conf_distribution_roc_auc": 0.7599069646649048,
  "test_conf_distribution_bs": 0.1662601953010498,
  "test_conf_distribution_bs_mcb": 0.0,
  "test_conf_distribution_bs_dsc": 0.0326076882161479,
  "test_conf_distribution_bs_unc": 0.1988678835171977,
  "test_conf_distribution_balanced_accuracy": 0.5816526606754078,
  "test_conf_normalized_accuracy": 0.36739749783228043,
  "test_conf_normalized_precision": 0.28749633108306427,
  "test_conf_normalized_recall": 0.8860244233378561,
  "test_conf_normalized_f1": 0.4341274238227147,
  "test_conf_normalized_roc_auc": 0.43511247922787977,
  "test_conf_normalized_bs": 0.5202142950209203,
  "test_conf_normalized_bs_mcb": 0.3231662393840603,
  "test_conf_normalized_bs_dsc": 0.0018198278803377155,
  "test_conf_normalized_bs_unc": 0.1988678835171977,
  "test_conf_normalized_balanced_accuracy": 0.5289043986358336,
  "test_conf_absolute_accuracy": 0.7375201288244766,
  "test_conf_absolute_precision": 0.5320781032078103,
  "test_conf_absolute_recall": 0.34509271822704657,
  "test_conf_absolute_f1": 0.41865569272976677,
  "test_conf_absolute_roc_auc": 0.7164029037530006,
  "test_conf_absolute_bs": 0.19203179319768623,
  "test_conf_absolute_bs_mcb": 0.02129438568278394,
  "test_conf_absolute_bs_dsc": 0.0281304760022954,
  "test_conf_absolute_bs_unc": 0.1988678835171977,
  "test_conf_absolute_balanced_accuracy": 0.6153133328426259,
  "test_task_accuracy": 0.30810099175244154,
  "test_runtime": 162.1801,
  "test_samples_per_second": 49.778,
  "test_steps_per_second": 49.778,
  "instance_count": 8073
}