{
  "test_loss": 0.48948270082473755,
  "test_accuracy": 0.7450761798587886,
  "test_precision": 0.548586118251928,
  "test_recall": 0.47485536270583,
  "test_f1": 0.5090648854961832,
  "test_roc_auc": 0.7729758226668628,
  "test_bs": 0.1649832861257126,
  "test_bs_mcb": 0.0028900171488865645,
  "test_bs_dsc": 0.038771443642042935,
  "test_bs_unc": 0.20086471261886898,
  "test_balanced_accuracy": 0.6620758104294684,
  "test_conf_distribution_accuracy": 0.736653041000867,
  "test_conf_distribution_precision": 0.569620253164557,
  "test_conf_distribution_recall": 0.22029372496662217,
  "test_conf_distribution_f1": 0.3177150192554557,
  "test_conf_distribution_roc_auc": 0.7512923360758235,
  "test_conf_distribution_bs": 0.17001952981739035,
  "test_conf_distribution_bs_mcb": 0.0,
  "test_conf_distribution_bs_dsc": 0.030845182801478632,
  "test_conf_distribution_bs_unc": 0.20086471261886898,
  "test_conf_distribution_balanced_accuracy": 0.5780493684908634,
  "test_conf_normalized_accuracy": 0.37037037037037035,
  "test_conf_normalized_precision": 0.29140923801117974,
  "test_conf_normalized_recall": 0.881619937694704,
  "test_conf_normalized_f1": 0.4380320619126589,
  "test_conf_normalized_roc_auc": 0.43786657756743513,
  "test_conf_normalized_bs": 0.5102790742069997,
  "test_conf_normalized_bs_mcb": 0.31109162164862975,
  "test_conf_normalized_bs_dsc": 0.0016772600604990362,
  "test_conf_normalized_bs_unc": 0.20086471261886898,
  "test_conf_normalized_balanced_accuracy": 0.5274045448858004,
  "test_conf_absolute_accuracy": 0.7391304347826086,
  "test_conf_absolute_precision": 0.5474747474747474,
  "test_conf_absolute_recall": 0.36181575433911883,
  "test_conf_absolute_f1": 0.43569131832797425,
  "test_conf_absolute_roc_auc": 0.7186341142807644,
  "test_conf_absolute_bs": 0.18907109670480812,
  "test_conf_absolute_bs_mcb": 0.01711677578187304,
  "test_conf_absolute_bs_dsc": 0.0289103916959339,
  "test_conf_absolute_bs_unc": 0.20086471261886898,
  "test_conf_absolute_balanced_accuracy": 0.6232353745948942,
  "test_task_accuracy": 0.2928222526735081,
  "test_runtime": 268.8771,
  "test_samples_per_second": 30.025,
  "test_steps_per_second": 30.025,
  "instance_count": 8073
}