{
  "test_loss": 0.5028943419456482,
  "test_accuracy": 0.731822123126471,
  "test_precision": 0.6019417475728155,
  "test_recall": 0.41792228390166536,
  "test_f1": 0.4933302129651298,
  "test_roc_auc": 0.778718811122186,
  "test_bs": 0.17015317073663766,
  "test_bs_mcb": 0.0027406460413994527,
  "test_bs_dsc": 0.04739347362962873,
  "test_bs_unc": 0.21480599832486694,
  "test_balanced_accuracy": 0.646179661136565,
  "test_conf_distribution_accuracy": 0.7199306329741112,
  "test_conf_distribution_precision": 0.5935483870967742,
  "test_conf_distribution_recall": 0.3283108643933386,
  "test_conf_distribution_f1": 0.422772529997447,
  "test_conf_distribution_roc_auc": 0.7497580648963236,
  "test_conf_distribution_bs": 0.17956134744509775,
  "test_conf_distribution_bs_mcb": 0.0,
  "test_conf_distribution_bs_dsc": 0.03524465087976919,
  "test_conf_distribution_bs_unc": 0.21480599832486694,
  "test_conf_distribution_balanced_accuracy": 0.6130835532559379,
  "test_conf_normalized_accuracy": 0.40827449523101694,
  "test_conf_normalized_precision": 0.33149006127634134,
  "test_conf_normalized_recall": 0.8794607454401269,
  "test_conf_normalized_f1": 0.48149354173450554,
  "test_conf_normalized_roc_auc": 0.47514422175113014,
  "test_conf_normalized_bs": 0.4775964045267796,
  "test_conf_normalized_bs_mcb": 0.265188602213739,
  "test_conf_normalized_bs_dsc": 0.0023981960118263645,
  "test_conf_normalized_bs_unc": 0.21480599832486694,
  "test_conf_normalized_balanced_accuracy": 0.536829994409849,
  "test_conf_absolute_accuracy": 0.7252570296048557,
  "test_conf_absolute_precision": 0.5709617180205415,
  "test_conf_absolute_recall": 0.48493259318001586,
  "test_conf_absolute_f1": 0.5244425385934819,
  "test_conf_absolute_roc_auc": 0.746782020257404,
  "test_conf_absolute_bs": 0.19139116501858827,
  "test_conf_absolute_bs_mcb": 0.014421132005917797,
  "test_conf_absolute_bs_dsc": 0.03783596531219646,
  "test_conf_absolute_bs_unc": 0.21480599832486694,
  "test_conf_absolute_balanced_accuracy": 0.6596884187301628,
  "test_task_accuracy": 0.31339673625180225,
  "test_runtime": 678.5573,
  "test_samples_per_second": 11.897,
  "test_steps_per_second": 11.897,
  "instance_count": 8073
}