{
  "test_loss": 0.44109079241752625,
  "test_accuracy": 0.7776342498615981,
  "test_precision": 0.5653543307086614,
  "test_recall": 0.27872670807453415,
  "test_f1": 0.37337493499739993,
  "test_roc_auc": 0.7904501038203795,
  "test_bs": 0.14688879470849137,
  "test_bs_mcb": 0.0034438197959568984,
  "test_bs_dsc": 0.03774441220661506,
  "test_bs_unc": 0.18118938711914953,
  "test_balanced_accuracy": 0.6059573990626846,
  "test_conf_distribution_accuracy": 0.7696992064956634,
  "test_conf_distribution_precision": 0.6351351351351351,
  "test_conf_distribution_recall": 0.07298136645962733,
  "test_conf_distribution_f1": 0.13091922005571033,
  "test_conf_distribution_roc_auc": 0.7534485882383011,
  "test_conf_distribution_bs": 0.1549306561425142,
  "test_conf_distribution_bs_mcb": 0.0,
  "test_conf_distribution_bs_dsc": 0.026258730976635336,
  "test_conf_distribution_bs_unc": 0.18118938711914953,
  "test_conf_distribution_balanced_accuracy": 0.5299547355173954,
  "test_conf_normalized_accuracy": 0.3987820631112751,
  "test_conf_normalized_precision": 0.2552186878727634,
  "test_conf_normalized_recall": 0.797360248447205,
  "test_conf_normalized_f1": 0.38667168674698793,
  "test_conf_normalized_roc_auc": 0.4549221459920523,
  "test_conf_normalized_bs": 0.4686666250848419,
  "test_conf_normalized_bs_mcb": 0.28861478457446876,
  "test_conf_normalized_bs_dsc": 0.001137546608776352,
  "test_conf_normalized_bs_unc": 0.18118938711914953,
  "test_conf_normalized_balanced_accuracy": 0.5359350261843868,
  "test_conf_absolute_accuracy": 0.7656394168665805,
  "test_conf_absolute_precision": 1.0,
  "test_conf_absolute_recall": 0.013975155279503106,
  "test_conf_absolute_f1": 0.02756508422664625,
  "test_conf_absolute_roc_auc": 0.5415014637094774,
  "test_conf_absolute_bs": 0.227467622057342,
  "test_conf_absolute_bs_mcb": 0.05383771863785558,
  "test_conf_absolute_bs_dsc": 0.007559483699663111,
  "test_conf_absolute_bs_unc": 0.18118938711914953,
  "test_conf_absolute_balanced_accuracy": 0.5069875776397516,
  "test_task_accuracy": 0.2817419268323921,
  "test_runtime": 58.4016,
  "test_samples_per_second": 92.789,
  "test_steps_per_second": 11.609,
  "instance_count": 5419
}