{
  "test_loss": 0.4175780713558197,
  "test_accuracy": 0.7788659793814433,
  "test_precision": 0.5190562613430127,
  "test_recall": 0.4822934232715008,
  "test_f1": 0.5,
  "test_roc_auc": 0.8134516563083077,
  "test_bs": 0.13987052486802787,
  "test_bs_mcb": 0.0023291826326218845,
  "test_bs_dsc": 0.03915449087650813,
  "test_bs_unc": 0.1766958331119141,
  "test_balanced_accuracy": 0.6746862535183787,
  "test_conf_distribution_accuracy": 0.7811855670103093,
  "test_conf_distribution_precision": 0.5828220858895705,
  "test_conf_distribution_recall": 0.16020236087689713,
  "test_conf_distribution_f1": 0.25132275132275134,
  "test_conf_distribution_roc_auc": 0.8031814536551432,
  "test_conf_distribution_bs": 0.14125843405527677,
  "test_conf_distribution_bs_mcb": 0.0,
  "test_conf_distribution_bs_dsc": 0.03543739905663734,
  "test_conf_distribution_bs_unc": 0.1766958331119141,
  "test_conf_distribution_balanced_accuracy": 0.5630471760913495,
  "test_conf_normalized_accuracy": 0.3197164948453608,
  "test_conf_normalized_precision": 0.23412336675782436,
  "test_conf_normalized_recall": 0.8662169758291175,
  "test_conf_normalized_f1": 0.36861619423513936,
  "test_conf_normalized_roc_auc": 0.37012752299087637,
  "test_conf_normalized_bs": 0.5567538298896447,
  "test_conf_normalized_bs_mcb": 0.3805776111903828,
  "test_conf_normalized_bs_dsc": 0.000519614412652164,
  "test_conf_normalized_bs_unc": 0.1766958331119141,
  "test_conf_normalized_balanced_accuracy": 0.5116906648080548,
  "test_conf_absolute_accuracy": 0.7713917525773196,
  "test_conf_absolute_precision": 0.5030674846625767,
  "test_conf_absolute_recall": 0.2304665542439573,
  "test_conf_absolute_f1": 0.31611410948342333,
  "test_conf_absolute_roc_auc": 0.6747465907357559,
  "test_conf_absolute_bs": 0.185497004278093,
  "test_conf_absolute_bs_mcb": 0.025276795583402928,
  "test_conf_absolute_bs_dsc": 0.016475624417224055,
  "test_conf_absolute_bs_unc": 0.1766958331119141,
  "test_conf_absolute_balanced_accuracy": 0.5813760626093554,
  "test_task_accuracy": 0.26420701307108807,
  "test_runtime": 159.363,
  "test_samples_per_second": 48.694,
  "test_steps_per_second": 6.087,
  "instance_count": 7760
}