{
  "test_loss": 0.5488494038581848,
  "test_accuracy": 0.7031013615733737,
  "test_precision": 0.6380877123666535,
  "test_recall": 0.528814669286182,
  "test_f1": 0.5783348254252463,
  "test_roc_auc": 0.7650975551995206,
  "test_bs": 0.18687127949596982,
  "test_bs_mcb": 0.002014299146375187,
  "test_bs_dsc": 0.05192323850003719,
  "test_bs_unc": 0.23678021884963182,
  "test_balanced_accuracy": 0.6705163957337019,
  "test_conf_distribution_accuracy": 0.6850731215330308,
  "test_conf_distribution_precision": 0.610055423594616,
  "test_conf_distribution_recall": 0.5045841519318927,
  "test_conf_distribution_f1": 0.5523297491039427,
  "test_conf_distribution_roc_auc": 0.7378810158435574,
  "test_conf_distribution_bs": 0.1975535833816158,
  "test_conf_distribution_bs_mcb": 0.0,
  "test_conf_distribution_bs_dsc": 0.039226635468016025,
  "test_conf_distribution_bs_unc": 0.23678021884963182,
  "test_conf_distribution_balanced_accuracy": 0.6513285663308499,
  "test_conf_normalized_accuracy": 0.45398386283408976,
  "test_conf_normalized_precision": 0.4055333629235094,
  "test_conf_normalized_recall": 0.8975114603798298,
  "test_conf_normalized_f1": 0.5586466931621319,
  "test_conf_normalized_roc_auc": 0.48629993585463027,
  "test_conf_normalized_bs": 0.44337625092489374,
  "test_conf_normalized_bs_mcb": 0.21040230264334944,
  "test_conf_normalized_bs_dsc": 0.003806270568087522,
  "test_conf_normalized_bs_unc": 0.23678021884963182,
  "test_conf_normalized_balanced_accuracy": 0.53690661169873,
  "test_conf_absolute_accuracy": 0.7141956631366616,
  "test_conf_absolute_precision": 0.6600244001626677,
  "test_conf_absolute_recall": 0.5314341846758349,
  "test_conf_absolute_f1": 0.5887901324142935,
  "test_conf_absolute_roc_auc": 0.7608109717311973,
  "test_conf_absolute_bs": 0.20051333079618125,
  "test_conf_absolute_bs_mcb": 0.01609438558282042,
  "test_conf_absolute_bs_dsc": 0.052361273636270994,
  "test_conf_absolute_bs_unc": 0.23678021884963182,
  "test_conf_absolute_balanced_accuracy": 0.6800262354293484,
  "test_task_accuracy": 0.4121339892297209,
  "test_runtime": 216.9768,
  "test_samples_per_second": 36.557,
  "test_steps_per_second": 36.557,
  "instance_count": 7932,
  "n_long_sequences": 0.06205678233438486
}