{
  "test_loss": 0.42754441499710083,
  "test_accuracy": 0.7713825968560465,
  "test_precision": 0.5081883316274309,
  "test_recall": 0.5284725918041512,
  "test_f1": 0.518132011479259,
  "test_roc_auc": 0.8048184088997237,
  "test_bs": 0.1426156549120558,
  "test_bs_mcb": 0.0019657395587994175,
  "test_bs_dsc": 0.037835713342369265,
  "test_bs_unc": 0.17848562869562565,
  "test_balanced_accuracy": 0.6867362959020755,
  "test_conf_distribution_accuracy": 0.779056813962124,
  "test_conf_distribution_precision": 0.5677233429394812,
  "test_conf_distribution_recall": 0.20968600319318786,
  "test_conf_distribution_f1": 0.3062572872133696,
  "test_conf_distribution_roc_auc": 0.805557305704819,
  "test_conf_distribution_bs": 0.14170794280841248,
  "test_conf_distribution_bs_mcb": 0.0,
  "test_conf_distribution_bs_dsc": 0.03677768588721317,
  "test_conf_distribution_bs_unc": 0.17848562869562565,
  "test_conf_distribution_balanced_accuracy": 0.5806494532094972,
  "test_conf_normalized_accuracy": 0.31649956677806657,
  "test_conf_normalized_precision": 0.2373467916366258,
  "test_conf_normalized_recall": 0.8759978712080894,
  "test_conf_normalized_f1": 0.3734967097798956,
  "test_conf_normalized_roc_auc": 0.36265141890847913,
  "test_conf_normalized_bs": 0.5629784619533049,
  "test_conf_normalized_bs_mcb": 0.3850109373877026,
  "test_conf_normalized_bs_dsc": 0.0005181041300233169,
  "test_conf_normalized_bs_unc": 0.17848562869562565,
  "test_conf_normalized_balanced_accuracy": 0.5114666775395286,
  "test_conf_absolute_accuracy": 0.7697734868176754,
  "test_conf_absolute_precision": 0.5107832009080591,
  "test_conf_absolute_recall": 0.23948908994145823,
  "test_conf_absolute_f1": 0.32608695652173914,
  "test_conf_absolute_roc_auc": 0.6973887963741867,
  "test_conf_absolute_bs": 0.18117354343535244,
  "test_conf_absolute_bs_mcb": 0.022753586737897097,
  "test_conf_absolute_bs_dsc": 0.020065671998170304,
  "test_conf_absolute_bs_unc": 0.17848562869562565,
  "test_conf_absolute_balanced_accuracy": 0.5849864804546001,
  "test_task_accuracy": 0.26273101908757374,
  "test_runtime": 676.7813,
  "test_samples_per_second": 11.937,
  "test_steps_per_second": 11.937,
  "instance_count": 8079
}