{
  "test_loss": 0.4590623080730438,
  "test_accuracy": 0.7681794739556472,
  "test_precision": 0.5539182853315472,
  "test_recall": 0.4221541602858601,
  "test_f1": 0.47914252607184243,
  "test_roc_auc": 0.7868015906204853,
  "test_bs": 0.15309447499015708,
  "test_bs_mcb": 0.00257123079814664,
  "test_bs_dsc": 0.0382594307724351,
  "test_bs_unc": 0.18878267496444553,
  "test_balanced_accuracy": 0.653633574881588,
  "test_conf_distribution_accuracy": 0.7656008251676122,
  "test_conf_distribution_precision": 0.5912031047865459,
  "test_conf_distribution_recall": 0.23328228688106176,
  "test_conf_distribution_f1": 0.33455344070278187,
  "test_conf_distribution_roc_auc": 0.7736968207050821,
  "test_conf_distribution_bs": 0.1556971990453789,
  "test_conf_distribution_bs_mcb": 0.0,
  "test_conf_distribution_bs_dsc": 0.03308547591906663,
  "test_conf_distribution_bs_unc": 0.18878267496444553,
  "test_conf_distribution_balanced_accuracy": 0.5893856664696838,
  "test_conf_normalized_accuracy": 0.35624033006704486,
  "test_conf_normalized_precision": 0.2665435518621114,
  "test_conf_normalized_recall": 0.8841245533435427,
  "test_conf_normalized_f1": 0.40960151353908014,
  "test_conf_normalized_roc_auc": 0.4224786050907499,
  "test_conf_normalized_bs": 0.528094645356472,
  "test_conf_normalized_bs_mcb": 0.341455379676206,
  "test_conf_normalized_bs_dsc": 0.002143409284179526,
  "test_conf_normalized_bs_unc": 0.18878267496444553,
  "test_conf_normalized_balanced_accuracy": 0.5309875828646298,
  "test_conf_absolute_accuracy": 0.7541258380608561,
  "test_conf_absolute_precision": 0.5237659963436929,
  "test_conf_absolute_recall": 0.29249617151607965,
  "test_conf_absolute_f1": 0.37536849000982647,
  "test_conf_absolute_roc_auc": 0.6991369037319561,
  "test_conf_absolute_bs": 0.19155027332220112,
  "test_conf_absolute_bs_mcb": 0.024222818122332596,
  "test_conf_absolute_bs_dsc": 0.02145521976457701,
  "test_conf_absolute_bs_unc": 0.18878267496444553,
  "test_conf_absolute_balanced_accuracy": 0.6013110493599029,
  "test_task_accuracy": 0.2911645929361782,
  "test_runtime": 84.5134,
  "test_samples_per_second": 91.772,
  "test_steps_per_second": 11.477,
  "instance_count": 7756
}