{
  "test_loss": 0.4585774540901184,
  "test_accuracy": 0.7602878759918804,
  "test_precision": 0.4946445959104187,
  "test_recall": 0.3944099378881988,
  "test_f1": 0.43887688984881207,
  "test_roc_auc": 0.7830469815408718,
  "test_bs": 0.15291067151063983,
  "test_bs_mcb": 0.006438908749634237,
  "test_bs_dsc": 0.034717624358143934,
  "test_bs_unc": 0.18118938711914953,
  "test_balanced_accuracy": 0.6343872492636347,
  "test_conf_distribution_accuracy": 0.7696992064956634,
  "test_conf_distribution_precision": 0.6351351351351351,
  "test_conf_distribution_recall": 0.07298136645962733,
  "test_conf_distribution_f1": 0.13091922005571033,
  "test_conf_distribution_roc_auc": 0.7534485882383011,
  "test_conf_distribution_bs": 0.1549306561425142,
  "test_conf_distribution_bs_mcb": 0.0,
  "test_conf_distribution_bs_dsc": 0.026258730976635336,
  "test_conf_distribution_bs_unc": 0.18118938711914953,
  "test_conf_distribution_balanced_accuracy": 0.5299547355173954,
  "test_conf_normalized_accuracy": 0.3987820631112751,
  "test_conf_normalized_precision": 0.2552186878727634,
  "test_conf_normalized_recall": 0.797360248447205,
  "test_conf_normalized_f1": 0.38667168674698793,
  "test_conf_normalized_roc_auc": 0.4549221459920523,
  "test_conf_normalized_bs": 0.4686666250848419,
  "test_conf_normalized_bs_mcb": 0.28861478457446876,
  "test_conf_normalized_bs_dsc": 0.001137546608776352,
  "test_conf_normalized_bs_unc": 0.18118938711914953,
  "test_conf_normalized_balanced_accuracy": 0.5359350261843868,
  "test_conf_absolute_accuracy": 0.7656394168665805,
  "test_conf_absolute_precision": 1.0,
  "test_conf_absolute_recall": 0.013975155279503106,
  "test_conf_absolute_f1": 0.02756508422664625,
  "test_conf_absolute_roc_auc": 0.5415014637094774,
  "test_conf_absolute_bs": 0.227467622057342,
  "test_conf_absolute_bs_mcb": 0.05383771863785558,
  "test_conf_absolute_bs_dsc": 0.007559483699663111,
  "test_conf_absolute_bs_unc": 0.18118938711914953,
  "test_conf_absolute_balanced_accuracy": 0.5069875776397516,
  "test_task_accuracy": 0.2817419268323921,
  "test_runtime": 110.8771,
  "test_samples_per_second": 48.874,
  "test_steps_per_second": 6.115,
  "instance_count": 5419
}