{
  "test_loss": 0.4782959818840027,
  "test_accuracy": 0.7583025830258303,
  "test_precision": 0.5644171779141104,
  "test_recall": 0.4420041180507893,
  "test_f1": 0.49576597382602,
  "test_roc_auc": 0.7842650903839236,
  "test_bs": 0.16110646257701908,
  "test_bs_mcb": 0.005153469316749315,
  "test_bs_dsc": 0.04060243899146973,
  "test_bs_unc": 0.1965554322517395,
  "test_balanced_accuracy": 0.658297037576997,
  "test_conf_distribution_accuracy": 0.752029520295203,
  "test_conf_distribution_precision": 0.591869918699187,
  "test_conf_distribution_recall": 0.24982841455044613,
  "test_conf_distribution_f1": 0.35135135135135137,
  "test_conf_distribution_roc_auc": 0.7401326892839063,
  "test_conf_distribution_bs": 0.16839512973035559,
  "test_conf_distribution_bs_mcb": 0.0,
  "test_conf_distribution_bs_dsc": 0.028160302521383906,
  "test_conf_distribution_bs_unc": 0.1965554322517395,
  "test_conf_distribution_balanced_accuracy": 0.5932462789381048,
  "test_conf_normalized_accuracy": 0.42915129151291515,
  "test_conf_normalized_precision": 0.28942629277077436,
  "test_conf_normalized_recall": 0.7721345229924502,
  "test_conf_normalized_f1": 0.42103293413173654,
  "test_conf_normalized_roc_auc": 0.4772601436312659,
  "test_conf_normalized_bs": 0.4346303467463305,
  "test_conf_normalized_bs_mcb": 0.2400124794013604,
  "test_conf_normalized_bs_dsc": 0.0019375649067693845,
  "test_conf_normalized_bs_unc": 0.1965554322517395,
  "test_conf_normalized_balanced_accuracy": 0.5375938827427555,
  "test_conf_absolute_accuracy": 0.7363468634686346,
  "test_conf_absolute_precision": 1.0,
  "test_conf_absolute_recall": 0.019217570350034317,
  "test_conf_absolute_f1": 0.03771043771043771,
  "test_conf_absolute_roc_auc": 0.544248783055203,
  "test_conf_absolute_bs": 0.2518625103939431,
  "test_conf_absolute_bs_mcb": 0.06567162258655276,
  "test_conf_absolute_bs_dsc": 0.010364544444349172,
  "test_conf_absolute_bs_unc": 0.1965554322517395,
  "test_conf_absolute_balanced_accuracy": 0.5096087851750172,
  "test_task_accuracy": 0.30545601909632536,
  "test_runtime": 338.4999,
  "test_samples_per_second": 16.012,
  "test_steps_per_second": 2.003,
  "instance_count": 5420
}