{
  "test_loss": 0.4610627591609955,
  "test_accuracy": 0.7632198142414861,
  "test_precision": 0.5528531337698784,
  "test_recall": 0.29185185185185186,
  "test_f1": 0.3820297349709114,
  "test_roc_auc": 0.7824546066727884,
  "test_bs": 0.15307253147903174,
  "test_bs_mcb": 0.0020015946891739633,
  "test_bs_dsc": 0.036815461047752046,
  "test_bs_unc": 0.18788639783760983,
  "test_balanced_accuracy": 0.606421793694521,
  "test_conf_distribution_accuracy": 0.7681733746130031,
  "test_conf_distribution_precision": 0.5770392749244713,
  "test_conf_distribution_recall": 0.28296296296296297,
  "test_conf_distribution_f1": 0.3797216699801193,
  "test_conf_distribution_roc_auc": 0.7815704519946944,
  "test_conf_distribution_bs": 0.15316860180009864,
  "test_conf_distribution_bs_mcb": 0.0,
  "test_conf_distribution_bs_dsc": 0.034717796037511184,
  "test_conf_distribution_bs_unc": 0.18788639783760983,
  "test_conf_distribution_balanced_accuracy": 0.6067707376798286,
  "test_conf_normalized_accuracy": 0.3484829721362229,
  "test_conf_normalized_precision": 0.26400233372228704,
  "test_conf_normalized_recall": 0.8938271604938272,
  "test_conf_normalized_f1": 0.4076117554329467,
  "test_conf_normalized_roc_auc": 0.4063290684624018,
  "test_conf_normalized_bs": 0.5388862325891501,
  "test_conf_normalized_bs_mcb": 0.3530212519297451,
  "test_conf_normalized_bs_dsc": 0.0020214171782048096,
  "test_conf_normalized_bs_unc": 0.18788639783760983,
  "test_conf_normalized_balanced_accuracy": 0.5298887868584838,
  "test_conf_absolute_accuracy": 0.7595046439628483,
  "test_conf_absolute_precision": 0.5364995602462621,
  "test_conf_absolute_recall": 0.3012345679012346,
  "test_conf_absolute_f1": 0.385831752055661,
  "test_conf_absolute_roc_auc": 0.7243697990001021,
  "test_conf_absolute_bs": 0.18274146290261867,
  "test_conf_absolute_bs_mcb": 0.020582384415513993,
  "test_conf_absolute_bs_dsc": 0.02572731935050515,
  "test_conf_absolute_bs_unc": 0.18788639783760983,
  "test_conf_absolute_balanced_accuracy": 0.6070635649423528,
  "test_task_accuracy": 0.28750816254645084,
  "test_runtime": 154.8668,
  "test_samples_per_second": 52.142,
  "test_steps_per_second": 52.142,
  "instance_count": 8075
}