{
  "test_loss": 0.492516428232193,
  "test_accuracy": 0.7421975754449317,
  "test_precision": 0.55783212161269,
  "test_recall": 0.38822447102115915,
  "test_f1": 0.4578247898020071,
  "test_roc_auc": 0.7749021920843596,
  "test_bs": 0.16557776481872608,
  "test_bs_mcb": 0.00404755557163719,
  "test_bs_dsc": 0.04023307812806434,
  "test_bs_unc": 0.20176328737515323,
  "test_balanced_accuracy": 0.6341659989514398,
  "test_conf_distribution_accuracy": 0.7331699767861749,
  "test_conf_distribution_precision": 0.5808936825885979,
  "test_conf_distribution_recall": 0.1734130634774609,
  "test_conf_distribution_f1": 0.2670917463691109,
  "test_conf_distribution_roc_auc": 0.7421960164604168,
  "test_conf_distribution_bs": 0.17274341247270483,
  "test_conf_distribution_bs_mcb": 0.0,
  "test_conf_distribution_bs_dsc": 0.029019874902448395,
  "test_conf_distribution_bs_unc": 0.20176328737515323,
  "test_conf_distribution_balanced_accuracy": 0.5623337718820997,
  "test_conf_normalized_accuracy": 0.3807067320092855,
  "test_conf_normalized_precision": 0.29564541213063766,
  "test_conf_normalized_recall": 0.87442502299908,
  "test_conf_normalized_f1": 0.4418874941887495,
  "test_conf_normalized_roc_auc": 0.45314073458567034,
  "test_conf_normalized_bs": 0.4981187467500425,
  "test_conf_normalized_bs_mcb": 0.2982657517882541,
  "test_conf_normalized_bs_dsc": 0.001910292413364878,
  "test_conf_normalized_bs_unc": 0.20176328737515323,
  "test_conf_normalized_balanced_accuracy": 0.5313881387396834,
  "test_conf_absolute_accuracy": 0.7356203249935517,
  "test_conf_absolute_precision": 0.542995839112344,
  "test_conf_absolute_recall": 0.36016559337626497,
  "test_conf_absolute_f1": 0.43307522123893805,
  "test_conf_absolute_roc_auc": 0.6974589313918483,
  "test_conf_absolute_bs": 0.19717341812416542,
  "test_conf_absolute_bs_mcb": 0.020231124257246103,
  "test_conf_absolute_bs_dsc": 0.024820993508233913,
  "test_conf_absolute_bs_unc": 0.20176328737515323,
  "test_conf_absolute_balanced_accuracy": 0.6210326174766629,
  "test_task_accuracy": 0.2935091490215324,
  "test_runtime": 159.9766,
  "test_samples_per_second": 48.47,
  "test_steps_per_second": 6.063,
  "instance_count": 7754
}