{
  "test_loss": 0.4788890480995178,
  "test_accuracy": 0.7641404805914972,
  "test_precision": 0.5980662983425414,
  "test_recall": 0.3053596614950635,
  "test_f1": 0.40429505135387495,
  "test_roc_auc": 0.7669460924670214,
  "test_bs": 0.16042912926935254,
  "test_bs_mcb": 0.0036616767828718533,
  "test_bs_dsc": 0.03663956744306715,
  "test_bs_unc": 0.19340701992954784,
  "test_balanced_accuracy": 0.6162319349559486,
  "test_conf_distribution_accuracy": 0.745101663585952,
  "test_conf_distribution_precision": 0.5472154963680388,
  "test_conf_distribution_recall": 0.15937940761636107,
  "test_conf_distribution_f1": 0.24685963954123433,
  "test_conf_distribution_roc_auc": 0.7315312924862418,
  "test_conf_distribution_bs": 0.16885506736873723,
  "test_conf_distribution_bs_mcb": 0.0,
  "test_conf_distribution_bs_dsc": 0.024551952560810608,
  "test_conf_distribution_bs_unc": 0.19340701992954784,
  "test_conf_distribution_balanced_accuracy": 0.5562678601208058,
  "test_conf_normalized_accuracy": 0.4120147874306839,
  "test_conf_normalized_precision": 0.2821843340746232,
  "test_conf_normalized_recall": 0.8053596614950634,
  "test_conf_normalized_f1": 0.417932296431839,
  "test_conf_normalized_roc_auc": 0.4901694255930761,
  "test_conf_normalized_bs": 0.43360467732086605,
  "test_conf_normalized_bs_mcb": 0.24239011590594345,
  "test_conf_normalized_bs_dsc": 0.0021924585146252396,
  "test_conf_normalized_bs_unc": 0.19340701992954784,
  "test_conf_normalized_balanced_accuracy": 0.5388271253367101,
  "test_conf_absolute_accuracy": 0.745101663585952,
  "test_conf_absolute_precision": 0.9534883720930233,
  "test_conf_absolute_recall": 0.028913963328631876,
  "test_conf_absolute_f1": 0.05612594113620808,
  "test_conf_absolute_roc_auc": 0.55634806283936,
  "test_conf_absolute_bs": 0.24384557373838314,
  "test_conf_absolute_bs_mcb": 0.0633172312001582,
  "test_conf_absolute_bs_dsc": 0.012878677391322896,
  "test_conf_absolute_bs_unc": 0.19340701992954784,
  "test_conf_absolute_balanced_accuracy": 0.5142064806623119,
  "test_task_accuracy": 0.2772487857284535,
  "test_runtime": 58.2378,
  "test_samples_per_second": 92.895,
  "test_steps_per_second": 11.625,
  "instance_count": 5410
}