{
  "test_loss": 0.4909731447696686,
  "test_accuracy": 0.7405204460966542,
  "test_precision": 0.6678700361010831,
  "test_recall": 0.47176684881602915,
  "test_f1": 0.5529461998292057,
  "test_roc_auc": 0.8040333170852682,
  "test_bs": 0.16546694703042325,
  "test_bs_mcb": 0.0018447761716231803,
  "test_bs_dsc": 0.06082539067296419,
  "test_bs_unc": 0.22444756153176426,
  "test_balanced_accuracy": 0.6754139408399394,
  "test_conf_distribution_accuracy": 0.719454770755886,
  "test_conf_distribution_precision": 0.6233966136480247,
  "test_conf_distribution_recall": 0.4426229508196721,
  "test_conf_distribution_f1": 0.5176821474222412,
  "test_conf_distribution_roc_auc": 0.768775597116396,
  "test_conf_distribution_bs": 0.18016120646591133,
  "test_conf_distribution_bs_mcb": 0.0,
  "test_conf_distribution_bs_dsc": 0.044286355065852934,
  "test_conf_distribution_bs_unc": 0.22444756153176426,
  "test_conf_distribution_balanced_accuracy": 0.6523912876164089,
  "test_conf_normalized_accuracy": 0.43977695167286246,
  "test_conf_normalized_precision": 0.36710565698892544,
  "test_conf_normalized_recall": 0.893624772313297,
  "test_conf_normalized_f1": 0.5204200700116687,
  "test_conf_normalized_roc_auc": 0.4853339148430351,
  "test_conf_normalized_bs": 0.4509605085951063,
  "test_conf_normalized_bs_mcb": 0.23100902151186256,
  "test_conf_normalized_bs_dsc": 0.004496074448520543,
  "test_conf_normalized_bs_unc": 0.22444756153176426,
  "test_conf_normalized_balanced_accuracy": 0.5497231842787142,
  "test_conf_absolute_accuracy": 0.7292441140024783,
  "test_conf_absolute_precision": 0.631578947368421,
  "test_conf_absolute_recall": 0.4896174863387978,
  "test_conf_absolute_f1": 0.5516109172994049,
  "test_conf_absolute_roc_auc": 0.7644363717215253,
  "test_conf_absolute_bs": 0.18575822316614943,
  "test_conf_absolute_bs_mcb": 0.010568226514915652,
  "test_conf_absolute_bs_dsc": 0.049257564880530486,
  "test_conf_absolute_bs_unc": 0.22444756153176426,
  "test_conf_absolute_balanced_accuracy": 0.6711937196952205,
  "test_task_accuracy": 0.3514955430906694,
  "test_runtime": 674.5497,
  "test_samples_per_second": 11.964,
  "test_steps_per_second": 11.964,
  "instance_count": 8070
}