{
  "test_loss": 0.508248507976532,
  "test_accuracy": 0.7362920913430525,
  "test_precision": 0.6755725190839694,
  "test_recall": 0.4609375,
  "test_f1": 0.5479876160990712,
  "test_roc_auc": 0.7977104554047573,
  "test_bs": 0.17162242288055052,
  "test_bs_mcb": 0.004293042206589992,
  "test_bs_dsc": 0.05919852926765026,
  "test_bs_unc": 0.2265279099416108,
  "test_balanced_accuracy": 0.671709121321351,
  "test_conf_distribution_accuracy": 0.7103599535543801,
  "test_conf_distribution_precision": 0.6281087333718912,
  "test_conf_distribution_recall": 0.40401785714285715,
  "test_conf_distribution_f1": 0.49173647271904003,
  "test_conf_distribution_roc_auc": 0.7602187144361991,
  "test_conf_distribution_bs": 0.184230027018173,
  "test_conf_distribution_bs_mcb": 0.0,
  "test_conf_distribution_bs_dsc": 0.04229788292343778,
  "test_conf_distribution_bs_unc": 0.2265279099416108,
  "test_conf_distribution_balanced_accuracy": 0.638509027327107,
  "test_conf_normalized_accuracy": 0.4540059347181009,
  "test_conf_normalized_precision": 0.3778094333649889,
  "test_conf_normalized_recall": 0.8880208333333334,
  "test_conf_normalized_f1": 0.5300910504108372,
  "test_conf_normalized_roc_auc": 0.5063952751874007,
  "test_conf_normalized_bs": 0.43417052009943935,
  "test_conf_normalized_bs_mcb": 0.21297901763844587,
  "test_conf_normalized_bs_dsc": 0.005336407480617311,
  "test_conf_normalized_bs_unc": 0.2265279099416108,
  "test_conf_normalized_balanced_accuracy": 0.5558018446737771,
  "test_conf_absolute_accuracy": 0.7226164365888272,
  "test_conf_absolute_precision": 0.631219512195122,
  "test_conf_absolute_recall": 0.48139880952380953,
  "test_conf_absolute_f1": 0.5462220346137611,
  "test_conf_absolute_roc_auc": 0.7480794812740422,
  "test_conf_absolute_bs": 0.19601119342726545,
  "test_conf_absolute_bs_mcb": 0.013973778318855684,
  "test_conf_absolute_bs_dsc": 0.04449049483320103,
  "test_conf_absolute_bs_unc": 0.2265279099416108,
  "test_conf_absolute_balanced_accuracy": 0.6660401118525625,
  "test_task_accuracy": 0.35599540533566887,
  "test_runtime": 84.2554,
  "test_samples_per_second": 91.994,
  "test_steps_per_second": 11.501,
  "instance_count": 7751
}