{
  "test_loss": 0.5532587170600891,
  "test_accuracy": 0.7193706474077896,
  "test_precision": 0.6998198198198198,
  "test_recall": 0.5911719939117199,
  "test_f1": 0.6409240924092409,
  "test_roc_auc": 0.7874048961678508,
  "test_bs": 0.18496312345163848,
  "test_bs_mcb": 0.003271587464971054,
  "test_bs_dsc": 0.06247949401380698,
  "test_bs_unc": 0.2441710300004744,
  "test_balanced_accuracy": 0.7023884136038796,
  "test_conf_distribution_accuracy": 0.6912561258705184,
  "test_conf_distribution_precision": 0.6585973656105376,
  "test_conf_distribution_recall": 0.563165905631659,
  "test_conf_distribution_f1": 0.6071545782737119,
  "test_conf_distribution_roc_auc": 0.7488710490975715,
  "test_conf_distribution_bs": 0.1993928111599239,
  "test_conf_distribution_bs_mcb": 0.0,
  "test_conf_distribution_bs_dsc": 0.0447782188405505,
  "test_conf_distribution_bs_unc": 0.2441710300004744,
  "test_conf_distribution_balanced_accuracy": 0.6742882560156505,
  "test_conf_normalized_accuracy": 0.5036110394635027,
  "test_conf_normalized_precision": 0.45685434516523865,
  "test_conf_normalized_recall": 0.9089802130898021,
  "test_conf_normalized_f1": 0.6080847164239894,
  "test_conf_normalized_roc_auc": 0.5225640664097981,
  "test_conf_normalized_bs": 0.40063695810090116,
  "test_conf_normalized_bs_mcb": 0.16348040417751228,
  "test_conf_normalized_bs_dsc": 0.007014476077085524,
  "test_conf_normalized_bs_unc": 0.2441710300004744,
  "test_conf_normalized_balanced_accuracy": 0.5573095292345408,
  "test_conf_absolute_accuracy": 0.7211761671395409,
  "test_conf_absolute_precision": 0.6884860691507217,
  "test_conf_absolute_recall": 0.6243531202435312,
  "test_conf_absolute_f1": 0.65485312899106,
  "test_conf_absolute_roc_auc": 0.7788487783080671,
  "test_conf_absolute_bs": 0.20104042135581685,
  "test_conf_absolute_bs_mcb": 0.015929404549976323,
  "test_conf_absolute_bs_dsc": 0.05906001319463389,
  "test_conf_absolute_bs_unc": 0.2441710300004744,
  "test_conf_absolute_balanced_accuracy": 0.7083502007572545,
  "test_task_accuracy": 0.43541918130696095,
  "test_runtime": 160.954,
  "test_samples_per_second": 48.175,
  "test_steps_per_second": 6.027,
  "instance_count": 7754
}