{
  "test_loss": 0.5035431981086731,
  "test_accuracy": 0.7316982534373839,
  "test_precision": 0.597678916827853,
  "test_recall": 0.48093385214007783,
  "test_f1": 0.5329883570504529,
  "test_roc_auc": 0.7832356033603178,
  "test_bs": 0.1711183593473933,
  "test_bs_mcb": 0.0035068828268266794,
  "test_bs_dsc": 0.04939002113194707,
  "test_bs_unc": 0.2170014976525137,
  "test_balanced_accuracy": 0.6648717961409093,
  "test_conf_distribution_accuracy": 0.7219125479995046,
  "test_conf_distribution_precision": 0.5853018372703412,
  "test_conf_distribution_recall": 0.433852140077821,
  "test_conf_distribution_f1": 0.49832402234636886,
  "test_conf_distribution_roc_auc": 0.7575602554248797,
  "test_conf_distribution_bs": 0.17901643237911635,
  "test_conf_distribution_bs_mcb": 0.0,
  "test_conf_distribution_bs_dsc": 0.037985065273397345,
  "test_conf_distribution_bs_unc": 0.2170014976525137,
  "test_conf_distribution_balanced_accuracy": 0.6451470404187034,
  "test_conf_normalized_accuracy": 0.41843180973615757,
  "test_conf_normalized_precision": 0.3406807617333933,
  "test_conf_normalized_recall": 0.8840466926070039,
  "test_conf_normalized_f1": 0.4918281199263989,
  "test_conf_normalized_roc_auc": 0.47760309021396896,
  "test_conf_normalized_bs": 0.4713845974622336,
  "test_conf_normalized_bs_mcb": 0.2580536241006556,
  "test_conf_normalized_bs_dsc": 0.003670524290935645,
  "test_conf_normalized_bs_unc": 0.2170014976525137,
  "test_conf_normalized_balanced_accuracy": 0.5425139877717919,
  "test_conf_absolute_accuracy": 0.7224080267558528,
  "test_conf_absolute_precision": 0.5753550160329821,
  "test_conf_absolute_recall": 0.488715953307393,
  "test_conf_absolute_f1": 0.528508310540711,
  "test_conf_absolute_roc_auc": 0.7433387236251043,
  "test_conf_absolute_bs": 0.1920104163260886,
  "test_conf_absolute_bs_mcb": 0.01471344605995506,
  "test_conf_absolute_bs_dsc": 0.03970452738638017,
  "test_conf_absolute_bs_unc": 0.2170014976525137,
  "test_conf_absolute_balanced_accuracy": 0.6601311912639091,
  "test_task_accuracy": 0.32263681454563936,
  "test_runtime": 155.4902,
  "test_samples_per_second": 51.92,
  "test_steps_per_second": 51.92,
  "instance_count": 8073
}