{
  "test_loss": 0.5053550004959106,
  "test_accuracy": 0.7363193705459353,
  "test_precision": 0.7007502083912198,
  "test_recall": 0.45576940453600795,
  "test_f1": 0.5523131672597865,
  "test_roc_auc": 0.80625734663002,
  "test_bs": 0.1704420344029047,
  "test_bs_mcb": 0.003746621947405493,
  "test_bs_dsc": 0.06281935461793384,
  "test_bs_unc": 0.22951476707343305,
  "test_balanced_accuracy": 0.6738834988985696,
  "test_conf_distribution_accuracy": 0.7113282383670311,
  "test_conf_distribution_precision": 0.6275479435532505,
  "test_conf_distribution_recall": 0.4701364416734436,
  "test_conf_distribution_f1": 0.5375555325963425,
  "test_conf_distribution_roc_auc": 0.7619257205618943,
  "test_conf_distribution_bs": 0.18557443147349031,
  "test_conf_distribution_bs_mcb": 0.0,
  "test_conf_distribution_bs_dsc": 0.04394033559994273,
  "test_conf_distribution_bs_unc": 0.22951476707343305,
  "test_conf_distribution_balanced_accuracy": 0.6576514538892689,
  "test_conf_normalized_accuracy": 0.4591596530263455,
  "test_conf_normalized_precision": 0.38771895296201536,
  "test_conf_normalized_recall": 0.8900334327279299,
  "test_conf_normalized_f1": 0.5401403816626452,
  "test_conf_normalized_roc_auc": 0.5107276949960657,
  "test_conf_normalized_bs": 0.43227646736444625,
  "test_conf_normalized_bs_mcb": 0.20793848528384554,
  "test_conf_normalized_bs_dsc": 0.005176784992832334,
  "test_conf_normalized_bs_unc": 0.22951476707343305,
  "test_conf_normalized_balanced_accuracy": 0.5550498090234114,
  "test_conf_absolute_accuracy": 0.7213891844829254,
  "test_conf_absolute_precision": 0.6328698127668893,
  "test_conf_absolute_recall": 0.522273425499232,
  "test_conf_absolute_f1": 0.5722772277227721,
  "test_conf_absolute_roc_auc": 0.7557460360410613,
  "test_conf_absolute_bs": 0.1972524127403043,
  "test_conf_absolute_bs_mcb": 0.013684646286704932,
  "test_conf_absolute_bs_dsc": 0.04594700061983367,
  "test_conf_absolute_bs_unc": 0.22951476707343305,
  "test_conf_absolute_balanced_accuracy": 0.6770763437163227,
  "test_task_accuracy": 0.36927251930001587,
  "test_runtime": 521.5408,
  "test_samples_per_second": 59.46,
  "test_steps_per_second": 3.718,
  "instance_count": 31011
}