{
  "test_loss": 0.4397808909416199,
  "test_accuracy": 0.770307082714215,
  "test_precision": 0.5107731305449936,
  "test_recall": 0.4266807834833245,
  "test_f1": 0.4649552927603115,
  "test_roc_auc": 0.7934678435281955,
  "test_bs": 0.1458316210307363,
  "test_bs_mcb": 0.0019477267089292871,
  "test_bs_dsc": 0.035308450885106674,
  "test_bs_unc": 0.17919234520691368,
  "test_balanced_accuracy": 0.6509515118321746,
  "test_conf_distribution_accuracy": 0.7781079742446756,
  "test_conf_distribution_precision": 0.5763779527559055,
  "test_conf_distribution_recall": 0.1937533086289042,
  "test_conf_distribution_f1": 0.29001584786053886,
  "test_conf_distribution_roc_auc": 0.792847466250167,
  "test_conf_distribution_bs": 0.14519406637571672,
  "test_conf_distribution_bs_mcb": 0.0,
  "test_conf_distribution_bs_dsc": 0.033998278831196965,
  "test_conf_distribution_bs_unc": 0.17919234520691368,
  "test_conf_distribution_balanced_accuracy": 0.5751375238796695,
  "test_conf_normalized_accuracy": 0.32899950470529965,
  "test_conf_normalized_precision": 0.24479467900520532,
  "test_conf_normalized_recall": 0.8962413975648491,
  "test_conf_normalized_f1": 0.3845542305508234,
  "test_conf_normalized_roc_auc": 0.38796711936253914,
  "test_conf_normalized_bs": 0.5541758811095278,
  "test_conf_normalized_bs_mcb": 0.376130251051523,
  "test_conf_normalized_bs_dsc": 0.0011467151489088778,
  "test_conf_normalized_bs_unc": 0.17919234520691368,
  "test_conf_normalized_balanced_accuracy": 0.5260259840580024,
  "test_conf_absolute_accuracy": 0.7684497275879149,
  "test_conf_absolute_precision": 0.5100529100529101,
  "test_conf_absolute_recall": 0.25516146109052407,
  "test_conf_absolute_f1": 0.3401552575864502,
  "test_conf_absolute_roc_auc": 0.7084027430592484,
  "test_conf_absolute_bs": 0.17803947180212604,
  "test_conf_absolute_bs_mcb": 0.02040050199789406,
  "test_conf_absolute_bs_dsc": 0.021553375402681707,
  "test_conf_absolute_bs_unc": 0.17919234520691368,
  "test_conf_absolute_balanced_accuracy": 0.5901635655218258,
  "test_task_accuracy": 0.26495842193557717,
  "test_runtime": 680.73,
  "test_samples_per_second": 11.864,
  "test_steps_per_second": 11.864,
  "instance_count": 8076
}