{
  "test_loss": 0.5479321479797363,
  "test_accuracy": 0.7178565314158535,
  "test_precision": 0.6523605150214592,
  "test_recall": 0.496037296037296,
  "test_f1": 0.5635593220338984,
  "test_roc_auc": 0.7721944721944722,
  "test_bs": 0.18601658822706138,
  "test_bs_mcb": 0.004349188195687859,
  "test_bs_dsc": 0.050705162131478715,
  "test_bs_unc": 0.23237256216285224,
  "test_balanced_accuracy": 0.6713141025641025,
  "test_conf_distribution_accuracy": 0.6817325800376648,
  "test_conf_distribution_precision": 0.6155088852988692,
  "test_conf_distribution_recall": 0.35524475524475524,
  "test_conf_distribution_f1": 0.45048773278155485,
  "test_conf_distribution_roc_auc": 0.7086777490186581,
  "test_conf_distribution_bs": 0.20289713545990798,
  "test_conf_distribution_bs_mcb": 0.0,
  "test_conf_distribution_bs_dsc": 0.029475426702944257,
  "test_conf_distribution_bs_unc": 0.23237256216285224,
  "test_conf_distribution_balanced_accuracy": 0.6132284382284382,
  "test_conf_normalized_accuracy": 0.48142441362780347,
  "test_conf_normalized_precision": 0.4023420238621299,
  "test_conf_normalized_recall": 0.848951048951049,
  "test_conf_normalized_f1": 0.5459451356618198,
  "test_conf_normalized_roc_auc": 0.5053244104380469,
  "test_conf_normalized_bs": 0.4013188870144443,
  "test_conf_normalized_bs_mcb": 0.17486936728200958,
  "test_conf_normalized_bs_dsc": 0.005923042430417524,
  "test_conf_normalized_bs_unc": 0.23237256216285224,
  "test_conf_normalized_balanced_accuracy": 0.5585393772893773,
  "test_conf_absolute_accuracy": 0.6567368601266906,
  "test_conf_absolute_precision": 0.8804347826086957,
  "test_conf_absolute_recall": 0.07552447552447553,
  "test_conf_absolute_f1": 0.1391155002146844,
  "test_conf_absolute_roc_auc": 0.5830390569026933,
  "test_conf_absolute_bs": 0.29853093427889515,
  "test_conf_absolute_bs_mcb": 0.08111346552627294,
  "test_conf_absolute_bs_dsc": 0.01495509341023002,
  "test_conf_absolute_bs_unc": 0.23237256216285224,
  "test_conf_absolute_balanced_accuracy": 0.5347860472860473,
  "test_task_accuracy": 0.40449263859604767,
  "test_runtime": 315.7595,
  "test_samples_per_second": 18.498,
  "test_steps_per_second": 18.498,
  "instance_count": 5841
}