{
  "test_loss": 0.4400951862335205,
  "test_accuracy": 0.7787804563619957,
  "test_precision": 0.5403141361256545,
  "test_recall": 0.28778583379810374,
  "test_f1": 0.37554585152838427,
  "test_roc_auc": 0.7951278034445752,
  "test_bs": 0.1440333510798116,
  "test_bs_mcb": 0.0017010321411548013,
  "test_bs_dsc": 0.03538524087985326,
  "test_bs_unc": 0.17771755981851006,
  "test_balanced_accuracy": 0.6070887586160203,
  "test_conf_distribution_accuracy": 0.7782647930901122,
  "test_conf_distribution_precision": 0.5879518072289157,
  "test_conf_distribution_recall": 0.13608477412158393,
  "test_conf_distribution_f1": 0.22101449275362317,
  "test_conf_distribution_roc_auc": 0.7873020798148251,
  "test_conf_distribution_bs": 0.14564368692900384,
  "test_conf_distribution_bs_mcb": 0.0,
  "test_conf_distribution_bs_dsc": 0.03207387288950622,
  "test_conf_distribution_bs_unc": 0.17771755981851006,
  "test_conf_distribution_balanced_accuracy": 0.5537063709642125,
  "test_conf_normalized_accuracy": 0.3331184736367152,
  "test_conf_normalized_precision": 0.24229948154925282,
  "test_conf_normalized_recall": 0.8862242052426101,
  "test_conf_normalized_f1": 0.38055322715842416,
  "test_conf_normalized_roc_auc": 0.39567774746639345,
  "test_conf_normalized_bs": 0.5471290884684072,
  "test_conf_normalized_bs_mcb": 0.3705112658929245,
  "test_conf_normalized_bs_dsc": 0.00109973724302731,
  "test_conf_normalized_bs_unc": 0.17771755981851006,
  "test_conf_normalized_balanced_accuracy": 0.5265292723060804,
  "test_conf_absolute_accuracy": 0.7684671909243264,
  "test_conf_absolute_precision": 0.49828178694158076,
  "test_conf_absolute_recall": 0.2426101505856107,
  "test_conf_absolute_f1": 0.32633158289572395,
  "test_conf_absolute_roc_auc": 0.68050298444319,
  "test_conf_absolute_bs": 0.18416317409692456,
  "test_conf_absolute_bs_mcb": 0.023206017441901233,
  "test_conf_absolute_bs_dsc": 0.01676040316348673,
  "test_conf_absolute_bs_unc": 0.17771755981851006,
  "test_conf_absolute_balanced_accuracy": 0.5845847533612158,
  "test_task_accuracy": 0.26677526528185547,
  "test_runtime": 490.412,
  "test_samples_per_second": 15.817,
  "test_steps_per_second": 1.978,
  "instance_count": 7757
}