{
  "test_loss": 0.5400977730751038,
  "test_accuracy": 0.7149722735674676,
  "test_precision": 0.6630747126436781,
  "test_recall": 0.4624248496993988,
  "test_f1": 0.5448642266824084,
  "test_roc_auc": 0.7760760243392468,
  "test_bs": 0.1829511941410573,
  "test_bs_mcb": 0.003344398382157332,
  "test_bs_dsc": 0.053218157005372385,
  "test_bs_unc": 0.23282495276427234,
  "test_balanced_accuracy": 0.6625246685521013,
  "test_conf_distribution_accuracy": 0.66728280961183,
  "test_conf_distribution_precision": 0.6212871287128713,
  "test_conf_distribution_recall": 0.251503006012024,
  "test_conf_distribution_f1": 0.35805991440798857,
  "test_conf_distribution_roc_auc": 0.6856208022371632,
  "test_conf_distribution_bs": 0.2091849289901965,
  "test_conf_distribution_bs_mcb": 0.0,
  "test_conf_distribution_bs_dsc": 0.02364002377407584,
  "test_conf_distribution_bs_unc": 0.23282495276427234,
  "test_conf_distribution_balanced_accuracy": 0.5809360372766623,
  "test_conf_normalized_accuracy": 0.49722735674676527,
  "test_conf_normalized_precision": 0.4099502487562189,
  "test_conf_normalized_recall": 0.8256513026052105,
  "test_conf_normalized_f1": 0.5478723404255319,
  "test_conf_normalized_roc_auc": 0.5356903760655465,
  "test_conf_normalized_bs": 0.3807133303243861,
  "test_conf_normalized_bs_mcb": 0.15422487272089092,
  "test_conf_normalized_bs_dsc": 0.006336495160777167,
  "test_conf_normalized_bs_unc": 0.23282495276427234,
  "test_conf_normalized_balanced_accuracy": 0.5654325640149661,
  "test_conf_absolute_accuracy": 0.6584103512014787,
  "test_conf_absolute_precision": 0.8363636363636363,
  "test_conf_absolute_recall": 0.09218436873747494,
  "test_conf_absolute_f1": 0.16606498194945846,
  "test_conf_absolute_roc_auc": 0.5854622249771951,
  "test_conf_absolute_bs": 0.30099837055027984,
  "test_conf_absolute_bs_mcb": 0.08230950701989295,
  "test_conf_absolute_bs_dsc": 0.014136089233885457,
  "test_conf_absolute_bs_unc": 0.23282495276427234,
  "test_conf_absolute_balanced_accuracy": 0.5408197766358728,
  "test_task_accuracy": 0.3948823978339306,
  "test_runtime": 91.937,
  "test_samples_per_second": 58.845,
  "test_steps_per_second": 3.687,
  "instance_count": 5410
}