{
  "test_loss": 0.5175378322601318,
  "test_accuracy": 0.7289731202774681,
  "test_precision": 0.6681585677749361,
  "test_recall": 0.6450617283950617,
  "test_f1": 0.6564070351758795,
  "test_roc_auc": 0.80631109936062,
  "test_bs": 0.174138580430033,
  "test_bs_mcb": 0.0021413205972833083,
  "test_bs_dsc": 0.06826850900652506,
  "test_bs_unc": 0.24026576883927475,
  "test_balanced_accuracy": 0.7151441478722671,
  "test_conf_distribution_accuracy": 0.7097733184689706,
  "test_conf_distribution_precision": 0.6518794446325771,
  "test_conf_distribution_recall": 0.5941358024691358,
  "test_conf_distribution_f1": 0.6216696269982239,
  "test_conf_distribution_roc_auc": 0.7680726065399146,
  "test_conf_distribution_bs": 0.18968036418016523,
  "test_conf_distribution_bs_mcb": 0.0,
  "test_conf_distribution_bs_dsc": 0.05058540465910952,
  "test_conf_distribution_bs_unc": 0.24026576883927475,
  "test_conf_distribution_balanced_accuracy": 0.6907157390164839,
  "test_conf_normalized_accuracy": 0.48544531153226805,
  "test_conf_normalized_precision": 0.43376811594202896,
  "test_conf_normalized_recall": 0.9237654320987654,
  "test_conf_normalized_f1": 0.590335305719921,
  "test_conf_normalized_roc_auc": 0.5158322860069533,
  "test_conf_normalized_bs": 0.4187254716021112,
  "test_conf_normalized_bs_mcb": 0.18583735945086888,
  "test_conf_normalized_bs_dsc": 0.007377656688032419,
  "test_conf_normalized_bs_unc": 0.24026576883927475,
  "test_conf_normalized_balanced_accuracy": 0.5576824263742327,
  "test_conf_absolute_accuracy": 0.73652917131178,
  "test_conf_absolute_precision": 0.6772857597961134,
  "test_conf_absolute_recall": 0.6561728395061729,
  "test_conf_absolute_f1": 0.6665621570779119,
  "test_conf_absolute_roc_auc": 0.7999031861712047,
  "test_conf_absolute_bs": 0.1837483071087414,
  "test_conf_absolute_bs_mcb": 0.010322147235701129,
  "test_conf_absolute_bs_dsc": 0.06683960896623448,
  "test_conf_absolute_bs_unc": 0.24026576883927475,
  "test_conf_absolute_balanced_accuracy": 0.7232860886957722,
  "test_task_accuracy": 0.43181750134684643,
  "test_runtime": 166.7005,
  "test_samples_per_second": 48.428,
  "test_steps_per_second": 3.029,
  "instance_count": 8073
}