{
  "test_loss": 0.4270610213279724,
  "test_accuracy": 0.7742294838470107,
  "test_precision": 0.519298245614035,
  "test_recall": 0.3938265034592869,
  "test_f1": 0.4479418886198548,
  "test_roc_auc": 0.8043009322048446,
  "test_bs": 0.14263120813226002,
  "test_bs_mcb": 0.0015749808100361251,
  "test_bs_dsc": 0.037429401373401755,
  "test_bs_unc": 0.17848562869562565,
  "test_balanced_accuracy": 0.6416713162457724,
  "test_conf_distribution_accuracy": 0.779056813962124,
  "test_conf_distribution_precision": 0.5677233429394812,
  "test_conf_distribution_recall": 0.20968600319318786,
  "test_conf_distribution_f1": 0.3062572872133696,
  "test_conf_distribution_roc_auc": 0.805557305704819,
  "test_conf_distribution_bs": 0.14170794280841248,
  "test_conf_distribution_bs_mcb": 0.0,
  "test_conf_distribution_bs_dsc": 0.03677768588721317,
  "test_conf_distribution_bs_unc": 0.17848562869562565,
  "test_conf_distribution_balanced_accuracy": 0.5806494532094972,
  "test_conf_normalized_accuracy": 0.31649956677806657,
  "test_conf_normalized_precision": 0.2373467916366258,
  "test_conf_normalized_recall": 0.8759978712080894,
  "test_conf_normalized_f1": 0.3734967097798956,
  "test_conf_normalized_roc_auc": 0.36265141890847913,
  "test_conf_normalized_bs": 0.5629784619533049,
  "test_conf_normalized_bs_mcb": 0.3850109373877026,
  "test_conf_normalized_bs_dsc": 0.0005181041300233169,
  "test_conf_normalized_bs_unc": 0.17848562869562565,
  "test_conf_normalized_balanced_accuracy": 0.5114666775395286,
  "test_conf_absolute_accuracy": 0.7697734868176754,
  "test_conf_absolute_precision": 0.5107832009080591,
  "test_conf_absolute_recall": 0.23948908994145823,
  "test_conf_absolute_f1": 0.32608695652173914,
  "test_conf_absolute_roc_auc": 0.6973887963741867,
  "test_conf_absolute_bs": 0.18117354343535244,
  "test_conf_absolute_bs_mcb": 0.022753586737897097,
  "test_conf_absolute_bs_dsc": 0.020065671998170304,
  "test_conf_absolute_bs_unc": 0.17848562869562565,
  "test_conf_absolute_balanced_accuracy": 0.5849864804546001,
  "test_task_accuracy": 0.26273101908757374,
  "test_runtime": 269.5526,
  "test_samples_per_second": 29.972,
  "test_steps_per_second": 29.972,
  "instance_count": 8079
}