{
  "test_loss": 0.674959659576416,
  "test_accuracy": 0.5640117994100295,
  "test_precision": 0.4981461286804798,
  "test_recall": 0.7771350799591698,
  "test_f1": 0.607123870281765,
  "test_roc_auc": 0.6469105961634729,
  "test_bs": 0.23992295629952318,
  "test_bs_mcb": 0.01761950981177679,
  "test_bs_dsc": 0.023271752997117173,
  "test_bs_unc": 0.24557519948486356,
  "test_balanced_accuracy": 0.5890361679410532,
  "test_conf_distribution_accuracy": 0.6488200589970502,
  "test_conf_distribution_precision": 0.6150990099009901,
  "test_conf_distribution_recall": 0.5073154134059203,
  "test_conf_distribution_f1": 0.5560320716017155,
  "test_conf_distribution_roc_auc": 0.6798569968071608,
  "test_conf_distribution_bs": 0.2204115753955862,
  "test_conf_distribution_bs_mcb": 0.0,
  "test_conf_distribution_bs_dsc": 0.02516362408927736,
  "test_conf_distribution_bs_unc": 0.24557519948486356,
  "test_conf_distribution_balanced_accuracy": 0.6322049600224082,
  "test_conf_normalized_accuracy": 0.5396755162241887,
  "test_conf_normalized_precision": 0.4836272040302267,
  "test_conf_normalized_recall": 0.9145968016332086,
  "test_conf_normalized_f1": 0.6326938919618689,
  "test_conf_normalized_roc_auc": 0.6232389578285327,
  "test_conf_normalized_bs": 0.30380031918017364,
  "test_conf_normalized_bs_mcb": 0.07313463168058687,
  "test_conf_normalized_bs_dsc": 0.014909511985276791,
  "test_conf_normalized_bs_unc": 0.24557519948486356,
  "test_conf_normalized_balanced_accuracy": 0.5836977759793223,
  "test_conf_absolute_accuracy": 0.6438053097345132,
  "test_conf_absolute_precision": 0.5867549668874172,
  "test_conf_absolute_recall": 0.6029261653623682,
  "test_conf_absolute_f1": 0.5947306595066286,
  "test_conf_absolute_roc_auc": 0.6855281109009993,
  "test_conf_absolute_bs": 0.2521345165198136,
  "test_conf_absolute_bs_mcb": 0.033853924475308494,
  "test_conf_absolute_bs_dsc": 0.027294607440358443,
  "test_conf_absolute_bs_unc": 0.24557519948486356,
  "test_conf_absolute_balanced_accuracy": 0.63900538937215,
  "test_task_accuracy": 0.4776115979923173,
  "test_runtime": 112.939,
  "test_samples_per_second": 60.032,
  "test_steps_per_second": 7.508,
  "instance_count": 6780
}