{
  "test_loss": 0.4954560399055481,
  "test_accuracy": 0.7445490904399432,
  "test_precision": 0.5874704491725768,
  "test_recall": 0.4367311072056239,
  "test_f1": 0.5010080645161291,
  "test_roc_auc": 0.7779647061655874,
  "test_bs": 0.16687197397957304,
  "test_bs_mcb": 0.004131601327967499,
  "test_bs_dsc": 0.044674983927918493,
  "test_bs_unc": 0.20741535657952404,
  "test_balanced_accuracy": 0.654621261365369,
  "test_conf_distribution_accuracy": 0.7281641078570507,
  "test_conf_distribution_precision": 0.570593149540518,
  "test_conf_distribution_recall": 0.30008787346221444,
  "test_conf_distribution_f1": 0.3933198963432192,
  "test_conf_distribution_roc_auc": 0.7455498711991717,
  "test_conf_distribution_bs": 0.17565734441000547,
  "test_conf_distribution_bs_mcb": 0.0,
  "test_conf_distribution_bs_dsc": 0.03175801216951857,
  "test_conf_distribution_bs_unc": 0.20741535657952404,
  "test_conf_distribution_balanced_accuracy": 0.6031032974617008,
  "test_conf_normalized_accuracy": 0.3864017546123081,
  "test_conf_normalized_precision": 0.30946527350952674,
  "test_conf_normalized_recall": 0.8848857644991213,
  "test_conf_normalized_f1": 0.4585610200364299,
  "test_conf_normalized_roc_auc": 0.46938440426607597,
  "test_conf_normalized_bs": 0.4967360878897135,
  "test_conf_normalized_bs_mcb": 0.2914467438500384,
  "test_conf_normalized_bs_dsc": 0.0021260125398488983,
  "test_conf_normalized_bs_unc": 0.20741535657952404,
  "test_conf_normalized_balanced_accuracy": 0.532031923345451,
  "test_conf_absolute_accuracy": 0.7213262804799381,
  "test_conf_absolute_precision": 0.5293819655521783,
  "test_conf_absolute_recall": 0.45913884007029876,
  "test_conf_absolute_f1": 0.491764705882353,
  "test_conf_absolute_roc_auc": 0.7068839027052186,
  "test_conf_absolute_bs": 0.20235688780940872,
  "test_conf_absolute_bs_mcb": 0.0231172535268587,
  "test_conf_absolute_bs_dsc": 0.028175722296974015,
  "test_conf_absolute_bs_unc": 0.20741535657952404,
  "test_conf_absolute_balanced_accuracy": 0.6447292373867476,
  "test_task_accuracy": 0.2906696236757948,
  "test_runtime": 84.0012,
  "test_samples_per_second": 92.272,
  "test_steps_per_second": 11.536,
  "instance_count": 7751
}