{
  "test_loss": 0.3727032542228699,
  "test_accuracy": 0.802913121938644,
  "test_precision": 0.5115864527629234,
  "test_recall": 0.3691318327974277,
  "test_f1": 0.4288382517743743,
  "test_roc_auc": 0.8254960648125349,
  "test_bs": 0.12615428379237667,
  "test_bs_mcb": 0.0017331016220285544,
  "test_bs_dsc": 0.03584158012988886,
  "test_bs_unc": 0.16026276230023698,
  "test_balanced_accuracy": 0.6403937416445626,
  "test_conf_distribution_accuracy": 0.8081979891724671,
  "test_conf_distribution_precision": 0.5433376455368694,
  "test_conf_distribution_recall": 0.27009646302250806,
  "test_conf_distribution_f1": 0.3608247422680413,
  "test_conf_distribution_roc_auc": 0.8273773762617715,
  "test_conf_distribution_bs": 0.12510746550286014,
  "test_conf_distribution_bs_mcb": 0.0,
  "test_conf_distribution_bs_dsc": 0.035155296797376834,
  "test_conf_distribution_bs_unc": 0.16026276230023698,
  "test_conf_distribution_balanced_accuracy": 0.6065942576276493,
  "test_conf_normalized_accuracy": 0.28950760505284867,
  "test_conf_normalized_precision": 0.20225733634311513,
  "test_conf_normalized_recall": 0.8643086816720257,
  "test_conf_normalized_f1": 0.3278048780487805,
  "test_conf_normalized_roc_auc": 0.33366128722073596,
  "test_conf_normalized_bs": 0.6035237961314098,
  "test_conf_normalized_bs_mcb": 0.4435599201784328,
  "test_conf_normalized_bs_dsc": 0.00029888634725999674,
  "test_conf_normalized_bs_unc": 0.16026276230023698,
  "test_conf_normalized_balanced_accuracy": 0.5048610956320793,
  "test_conf_absolute_accuracy": 0.7995617427171952,
  "test_conf_absolute_precision": 0.0,
  "test_conf_absolute_recall": 0.0,
  "test_conf_absolute_f1": 0.0,
  "test_conf_absolute_roc_auc": 0.5799984241625642,
  "test_conf_absolute_bs": 0.19429567655100277,
  "test_conf_absolute_bs_mcb": 0.03875558228282622,
  "test_conf_absolute_bs_dsc": 0.004722668032060423,
  "test_conf_absolute_bs_unc": 0.16026276230023698,
  "test_conf_absolute_balanced_accuracy": 0.5,
  "test_task_accuracy": 0.24290329459074647,
  "test_runtime": 488.7651,
  "test_samples_per_second": 15.873,
  "test_steps_per_second": 1.985,
  "instance_count": 7758
}