{
  "test_loss": 0.5023174285888672,
  "test_accuracy": 0.7395762793847345,
  "test_precision": 0.6546695625193919,
  "test_recall": 0.5719707237733803,
  "test_f1": 0.6105324074074073,
  "test_roc_auc": 0.8073307551738524,
  "test_bs": 0.16905101687481616,
  "test_bs_mcb": 0.0027816150968132114,
  "test_bs_dsc": 0.0632453652954301,
  "test_bs_unc": 0.22951476707343305,
  "test_balanced_accuracy": 0.7022759756051017,
  "test_conf_distribution_accuracy": 0.7113282383670311,
  "test_conf_distribution_precision": 0.6275479435532505,
  "test_conf_distribution_recall": 0.4701364416734436,
  "test_conf_distribution_f1": 0.5375555325963425,
  "test_conf_distribution_roc_auc": 0.7619257205618943,
  "test_conf_distribution_bs": 0.18557443147349031,
  "test_conf_distribution_bs_mcb": 0.0,
  "test_conf_distribution_bs_dsc": 0.04394033559994273,
  "test_conf_distribution_bs_unc": 0.22951476707343305,
  "test_conf_distribution_balanced_accuracy": 0.6576514538892689,
  "test_conf_normalized_accuracy": 0.4591596530263455,
  "test_conf_normalized_precision": 0.38771895296201536,
  "test_conf_normalized_recall": 0.8900334327279299,
  "test_conf_normalized_f1": 0.5401403816626452,
  "test_conf_normalized_roc_auc": 0.5107276949960657,
  "test_conf_normalized_bs": 0.43227646736444625,
  "test_conf_normalized_bs_mcb": 0.20793848528384554,
  "test_conf_normalized_bs_dsc": 0.005176784992832334,
  "test_conf_normalized_bs_unc": 0.22951476707343305,
  "test_conf_normalized_balanced_accuracy": 0.5550498090234114,
  "test_conf_absolute_accuracy": 0.7213891844829254,
  "test_conf_absolute_precision": 0.6328698127668893,
  "test_conf_absolute_recall": 0.522273425499232,
  "test_conf_absolute_f1": 0.5722772277227721,
  "test_conf_absolute_roc_auc": 0.7557460360410613,
  "test_conf_absolute_bs": 0.1972524127403043,
  "test_conf_absolute_bs_mcb": 0.013684646286704932,
  "test_conf_absolute_bs_dsc": 0.04594700061983367,
  "test_conf_absolute_bs_unc": 0.22951476707343305,
  "test_conf_absolute_balanced_accuracy": 0.6770763437163227,
  "test_task_accuracy": 0.36927251930001587,
  "test_runtime": 516.4068,
  "test_samples_per_second": 60.051,
  "test_steps_per_second": 7.508,
  "instance_count": 31011
}