{
  "test_loss": 0.444898784160614,
  "test_accuracy": 0.7807763401109057,
  "test_precision": 0.5707070707070707,
  "test_recall": 0.2669291338582677,
  "test_f1": 0.36373390557939916,
  "test_roc_auc": 0.7806490357183613,
  "test_bs": 0.14651983683217984,
  "test_bs_mcb": 0.0026616141232110035,
  "test_bs_dsc": 0.03578445993869192,
  "test_bs_unc": 0.17964268264766076,
  "test_balanced_accuracy": 0.6026674654798585,
  "test_conf_distribution_accuracy": 0.7726432532347505,
  "test_conf_distribution_precision": 0.5657894736842105,
  "test_conf_distribution_recall": 0.13543307086614173,
  "test_conf_distribution_f1": 0.21855146124523506,
  "test_conf_distribution_roc_auc": 0.7434903381642513,
  "test_conf_distribution_bs": 0.15574797487456726,
  "test_conf_distribution_bs_mcb": 0.0,
  "test_conf_distribution_bs_dsc": 0.023894707773093493,
  "test_conf_distribution_bs_unc": 0.17964268264766076,
  "test_conf_distribution_balanced_accuracy": 0.5517745064475637,
  "test_conf_normalized_accuracy": 0.3791127541589649,
  "test_conf_normalized_precision": 0.24292394782180654,
  "test_conf_normalized_recall": 0.7771653543307087,
  "test_conf_normalized_f1": 0.3701481342583911,
  "test_conf_normalized_roc_auc": 0.4421341625775039,
  "test_conf_normalized_bs": 0.4659528490676968,
  "test_conf_normalized_bs_mcb": 0.2870938066965951,
  "test_conf_normalized_bs_dsc": 0.0007836402765590833,
  "test_conf_normalized_bs_unc": 0.17964268264766076,
  "test_conf_normalized_balanced_accuracy": 0.5170850926242916,
  "test_conf_absolute_accuracy": 0.7656192236598891,
  "test_conf_absolute_precision": 1.0,
  "test_conf_absolute_recall": 0.0015748031496062992,
  "test_conf_absolute_f1": 0.003144654088050314,
  "test_conf_absolute_roc_auc": 0.5422818479211837,
  "test_conf_absolute_bs": 0.22580245521772835,
  "test_conf_absolute_bs_mcb": 0.052174803240821604,
  "test_conf_absolute_bs_dsc": 0.006015030670754012,
  "test_conf_absolute_bs_unc": 0.17964268264766076,
  "test_conf_absolute_balanced_accuracy": 0.5007874015748032,
  "test_task_accuracy": 0.26151737926729596,
  "test_runtime": 337.3215,
  "test_samples_per_second": 16.038,
  "test_steps_per_second": 2.007,
  "instance_count": 5410
}