{
  "test_loss": 0.5637634992599487,
  "test_accuracy": 0.7012939001848428,
  "test_precision": 0.6486902927580893,
  "test_recall": 0.4205794205794206,
  "test_f1": 0.5103030303030303,
  "test_roc_auc": 0.7501511106264628,
  "test_bs": 0.1924539476444666,
  "test_bs_mcb": 0.0036373905917888028,
  "test_bs_dsc": 0.044297857617218744,
  "test_bs_unc": 0.23311441466989655,
  "test_balanced_accuracy": 0.6433883018390061,
  "test_conf_distribution_accuracy": 0.6720887245841035,
  "test_conf_distribution_precision": 0.6280898876404495,
  "test_conf_distribution_recall": 0.2792207792207792,
  "test_conf_distribution_f1": 0.3865836791147994,
  "test_conf_distribution_roc_auc": 0.6931734638600836,
  "test_conf_distribution_bs": 0.20741626316692668,
  "test_conf_distribution_bs_mcb": 0.0,
  "test_conf_distribution_bs_dsc": 0.025698151502969863,
  "test_conf_distribution_bs_unc": 0.23311441466989655,
  "test_conf_distribution_balanced_accuracy": 0.5910481830376196,
  "test_conf_normalized_accuracy": 0.49574861367837336,
  "test_conf_normalized_precision": 0.41032608695652173,
  "test_conf_normalized_recall": 0.8296703296703297,
  "test_conf_normalized_f1": 0.5490909090909092,
  "test_conf_normalized_roc_auc": 0.5279813349795744,
  "test_conf_normalized_bs": 0.3839799616221423,
  "test_conf_normalized_bs_mcb": 0.15698937667620477,
  "test_conf_normalized_bs_dsc": 0.006123829723959001,
  "test_conf_normalized_bs_unc": 0.23311441466989655,
  "test_conf_normalized_balanced_accuracy": 0.5646297657741319,
  "test_conf_absolute_accuracy": 0.6532347504621072,
  "test_conf_absolute_precision": 0.842391304347826,
  "test_conf_absolute_recall": 0.07742257742257742,
  "test_conf_absolute_f1": 0.14181152790484905,
  "test_conf_absolute_roc_auc": 0.5782964101626074,
  "test_conf_absolute_bs": 0.30662941878128014,
  "test_conf_absolute_bs_mcb": 0.08649037499326842,
  "test_conf_absolute_bs_dsc": 0.012975370881884829,
  "test_conf_absolute_bs_unc": 0.23311441466989655,
  "test_conf_absolute_balanced_accuracy": 0.534456593875608,
  "test_task_accuracy": 0.3891870323070551,
  "test_runtime": 82.5871,
  "test_samples_per_second": 65.507,
  "test_steps_per_second": 8.197,
  "instance_count": 5410
}