{
  "test_loss": 0.4433671236038208,
  "test_accuracy": 0.7771045507283744,
  "test_precision": 0.5275387263339071,
  "test_recall": 0.3418851087562744,
  "test_f1": 0.41489001692047384,
  "test_roc_auc": 0.794710071172527,
  "test_bs": 0.14577965249222732,
  "test_bs_mcb": 0.002962888695543675,
  "test_bs_dsc": 0.034900796021826413,
  "test_bs_unc": 0.17771755981851006,
  "test_balanced_accuracy": 0.6249163974364873,
  "test_conf_distribution_accuracy": 0.7782647930901122,
  "test_conf_distribution_precision": 0.5879518072289157,
  "test_conf_distribution_recall": 0.13608477412158393,
  "test_conf_distribution_f1": 0.22101449275362317,
  "test_conf_distribution_roc_auc": 0.7873020798148251,
  "test_conf_distribution_bs": 0.14564368692900384,
  "test_conf_distribution_bs_mcb": 0.0,
  "test_conf_distribution_bs_dsc": 0.03207387288950622,
  "test_conf_distribution_bs_unc": 0.17771755981851006,
  "test_conf_distribution_balanced_accuracy": 0.5537063709642125,
  "test_conf_normalized_accuracy": 0.3331184736367152,
  "test_conf_normalized_precision": 0.24229948154925282,
  "test_conf_normalized_recall": 0.8862242052426101,
  "test_conf_normalized_f1": 0.38055322715842416,
  "test_conf_normalized_roc_auc": 0.39567774746639345,
  "test_conf_normalized_bs": 0.5471290884684072,
  "test_conf_normalized_bs_mcb": 0.3705112658929245,
  "test_conf_normalized_bs_dsc": 0.00109973724302731,
  "test_conf_normalized_bs_unc": 0.17771755981851006,
  "test_conf_normalized_balanced_accuracy": 0.5265292723060804,
  "test_conf_absolute_accuracy": 0.7684671909243264,
  "test_conf_absolute_precision": 0.49828178694158076,
  "test_conf_absolute_recall": 0.2426101505856107,
  "test_conf_absolute_f1": 0.32633158289572395,
  "test_conf_absolute_roc_auc": 0.68050298444319,
  "test_conf_absolute_bs": 0.18416317409692456,
  "test_conf_absolute_bs_mcb": 0.023206017441901233,
  "test_conf_absolute_bs_dsc": 0.01676040316348673,
  "test_conf_absolute_bs_unc": 0.17771755981851006,
  "test_conf_absolute_balanced_accuracy": 0.5845847533612158,
  "test_task_accuracy": 0.26677526528185547,
  "test_runtime": 84.9719,
  "test_samples_per_second": 91.289,
  "test_steps_per_second": 11.416,
  "instance_count": 7757
}