{
  "test_loss": 0.44028687477111816,
  "test_accuracy": 0.7717929668152551,
  "test_precision": 0.5375816993464052,
  "test_recall": 0.1741662255161461,
  "test_f1": 0.2630947620951619,
  "test_roc_auc": 0.7892147874396038,
  "test_bs": 0.14674913696667782,
  "test_bs_mcb": 0.0013531911384334072,
  "test_bs_dsc": 0.03379639937866927,
  "test_bs_unc": 0.17919234520691368,
  "test_balanced_accuracy": 0.5642125777653464,
  "test_conf_distribution_accuracy": 0.7781079742446756,
  "test_conf_distribution_precision": 0.5763779527559055,
  "test_conf_distribution_recall": 0.1937533086289042,
  "test_conf_distribution_f1": 0.29001584786053886,
  "test_conf_distribution_roc_auc": 0.792847466250167,
  "test_conf_distribution_bs": 0.14519406637571672,
  "test_conf_distribution_bs_mcb": 0.0,
  "test_conf_distribution_bs_dsc": 0.033998278831196965,
  "test_conf_distribution_bs_unc": 0.17919234520691368,
  "test_conf_distribution_balanced_accuracy": 0.5751375238796695,
  "test_conf_normalized_accuracy": 0.32899950470529965,
  "test_conf_normalized_precision": 0.24479467900520532,
  "test_conf_normalized_recall": 0.8962413975648491,
  "test_conf_normalized_f1": 0.3845542305508234,
  "test_conf_normalized_roc_auc": 0.38796711936253914,
  "test_conf_normalized_bs": 0.5541758811095278,
  "test_conf_normalized_bs_mcb": 0.376130251051523,
  "test_conf_normalized_bs_dsc": 0.0011467151489088778,
  "test_conf_normalized_bs_unc": 0.17919234520691368,
  "test_conf_normalized_balanced_accuracy": 0.5260259840580024,
  "test_conf_absolute_accuracy": 0.7684497275879149,
  "test_conf_absolute_precision": 0.5100529100529101,
  "test_conf_absolute_recall": 0.25516146109052407,
  "test_conf_absolute_f1": 0.3401552575864502,
  "test_conf_absolute_roc_auc": 0.7084027430592484,
  "test_conf_absolute_bs": 0.17803947180212604,
  "test_conf_absolute_bs_mcb": 0.02040050199789406,
  "test_conf_absolute_bs_dsc": 0.021553375402681707,
  "test_conf_absolute_bs_unc": 0.17919234520691368,
  "test_conf_absolute_balanced_accuracy": 0.5901635655218258,
  "test_task_accuracy": 0.26495842193557717,
  "test_runtime": 155.4509,
  "test_samples_per_second": 51.952,
  "test_steps_per_second": 51.952,
  "instance_count": 8076
}