{
  "test_loss": 0.4509124755859375,
  "test_accuracy": 0.7767097966728281,
  "test_precision": 0.5488958990536278,
  "test_recall": 0.2740157480314961,
  "test_f1": 0.365546218487395,
  "test_roc_auc": 0.7740801285708852,
  "test_bs": 0.15002128579174745,
  "test_bs_mcb": 0.0029454230965358097,
  "test_bs_dsc": 0.032566819952449116,
  "test_bs_unc": 0.17964268264766076,
  "test_balanced_accuracy": 0.6024668112138156,
  "test_conf_distribution_accuracy": 0.7726432532347505,
  "test_conf_distribution_precision": 0.5657894736842105,
  "test_conf_distribution_recall": 0.13543307086614173,
  "test_conf_distribution_f1": 0.21855146124523506,
  "test_conf_distribution_roc_auc": 0.7434903381642513,
  "test_conf_distribution_bs": 0.15574797487456726,
  "test_conf_distribution_bs_mcb": 0.0,
  "test_conf_distribution_bs_dsc": 0.023894707773093493,
  "test_conf_distribution_bs_unc": 0.17964268264766076,
  "test_conf_distribution_balanced_accuracy": 0.5517745064475637,
  "test_conf_normalized_accuracy": 0.3791127541589649,
  "test_conf_normalized_precision": 0.24292394782180654,
  "test_conf_normalized_recall": 0.7771653543307087,
  "test_conf_normalized_f1": 0.3701481342583911,
  "test_conf_normalized_roc_auc": 0.4421341625775039,
  "test_conf_normalized_bs": 0.4659528490676968,
  "test_conf_normalized_bs_mcb": 0.2870938066965951,
  "test_conf_normalized_bs_dsc": 0.0007836402765590833,
  "test_conf_normalized_bs_unc": 0.17964268264766076,
  "test_conf_normalized_balanced_accuracy": 0.5170850926242916,
  "test_conf_absolute_accuracy": 0.7656192236598891,
  "test_conf_absolute_precision": 1.0,
  "test_conf_absolute_recall": 0.0015748031496062992,
  "test_conf_absolute_f1": 0.003144654088050314,
  "test_conf_absolute_roc_auc": 0.5422818479211837,
  "test_conf_absolute_bs": 0.22580245521772835,
  "test_conf_absolute_bs_mcb": 0.052174803240821604,
  "test_conf_absolute_bs_dsc": 0.006015030670754012,
  "test_conf_absolute_bs_unc": 0.17964268264766076,
  "test_conf_absolute_balanced_accuracy": 0.5007874015748032,
  "test_task_accuracy": 0.26151737926729596,
  "test_runtime": 110.2215,
  "test_samples_per_second": 49.083,
  "test_steps_per_second": 6.142,
  "instance_count": 5410
}