{
  "test_loss": 0.4955929219722748,
  "test_accuracy": 0.7380679530461176,
  "test_precision": 0.6448770491803278,
  "test_recall": 0.5577315019937971,
  "test_f1": 0.5981468282252316,
  "test_roc_auc": 0.8061167075802684,
  "test_bs": 0.1674321852048458,
  "test_bs_mcb": 0.0016276907133618845,
  "test_bs_dsc": 0.061551720296330215,
  "test_bs_unc": 0.22735621478781412,
  "test_balanced_accuracy": 0.6963498001350759,
  "test_conf_distribution_accuracy": 0.7200421222163719,
  "test_conf_distribution_precision": 0.6252509480258756,
  "test_conf_distribution_recall": 0.49676561807709346,
  "test_conf_distribution_f1": 0.5536516715223939,
  "test_conf_distribution_roc_auc": 0.77101014537215,
  "test_conf_distribution_bs": 0.18124640525397553,
  "test_conf_distribution_bs_mcb": 0.0,
  "test_conf_distribution_bs_dsc": 0.046109809533838586,
  "test_conf_distribution_bs_unc": 0.22735621478781412,
  "test_conf_distribution_balanced_accuracy": 0.6683904273606113,
  "test_conf_normalized_accuracy": 0.44488493821042524,
  "test_conf_normalized_precision": 0.3764517569982132,
  "test_conf_normalized_recall": 0.8961453256535223,
  "test_conf_normalized_f1": 0.530184277438465,
  "test_conf_normalized_roc_auc": 0.4894786398594778,
  "test_conf_normalized_bs": 0.4492227784799711,
  "test_conf_normalized_bs_mcb": 0.22624800818256283,
  "test_conf_normalized_bs_dsc": 0.004381444490405839,
  "test_conf_normalized_bs_unc": 0.22735621478781412,
  "test_conf_normalized_balanced_accuracy": 0.5492773100032206,
  "test_conf_absolute_accuracy": 0.7297054542075758,
  "test_conf_absolute_precision": 0.6341796055392362,
  "test_conf_absolute_recall": 0.5356668143553389,
  "test_conf_absolute_f1": 0.5807753278570399,
  "test_conf_absolute_roc_auc": 0.7716611646623777,
  "test_conf_absolute_bs": 0.18670702157494887,
  "test_conf_absolute_bs_mcb": 0.010435741318023384,
  "test_conf_absolute_bs_dsc": 0.05108493453088864,
  "test_conf_absolute_bs_unc": 0.22735621478781412,
  "test_conf_absolute_balanced_accuracy": 0.6848175039303597,
  "test_task_accuracy": 0.36337571911390165,
  "test_runtime": 665.4698,
  "test_samples_per_second": 48.518,
  "test_steps_per_second": 3.032,
  "instance_count": 32287
}