{
  "test_loss": 0.4186268150806427,
  "test_accuracy": 0.7807308970099668,
  "test_precision": 0.5195482189400521,
  "test_recall": 0.48499594484995945,
  "test_f1": 0.5016778523489933,
  "test_roc_auc": 0.8117264086680408,
  "test_bs": 0.1397222064328663,
  "test_bs_mcb": 0.003949526760840344,
  "test_bs_dsc": 0.04001180394294518,
  "test_bs_unc": 0.17578448361497115,
  "test_balanced_accuracy": 0.6764286773234265,
  "test_conf_distribution_accuracy": 0.7796234772978959,
  "test_conf_distribution_precision": 0.5534246575342465,
  "test_conf_distribution_recall": 0.16382806163828062,
  "test_conf_distribution_f1": 0.25281602002503134,
  "test_conf_distribution_roc_auc": 0.7936604003213112,
  "test_conf_distribution_bs": 0.14261826635532662,
  "test_conf_distribution_bs_mcb": 0.0,
  "test_conf_distribution_bs_dsc": 0.033166217259644526,
  "test_conf_distribution_bs_unc": 0.17578448361497115,
  "test_conf_distribution_balanced_accuracy": 0.5624397177964402,
  "test_conf_normalized_accuracy": 0.3569582871908453,
  "test_conf_normalized_precision": 0.24203529681411873,
  "test_conf_normalized_recall": 0.8564476885644768,
  "test_conf_normalized_f1": 0.3774124374553252,
  "test_conf_normalized_roc_auc": 0.4135039887754222,
  "test_conf_normalized_bs": 0.5299146890473838,
  "test_conf_normalized_bs_mcb": 0.3554754658095075,
  "test_conf_normalized_bs_dsc": 0.0013452603770948146,
  "test_conf_normalized_bs_unc": 0.17578448361497115,
  "test_conf_normalized_balanced_accuracy": 0.5331222911161692,
  "test_conf_absolute_accuracy": 0.7724252491694352,
  "test_conf_absolute_precision": 0.0,
  "test_conf_absolute_recall": 0.0,
  "test_conf_absolute_f1": 0.0,
  "test_conf_absolute_roc_auc": 0.48013683830077103,
  "test_conf_absolute_bs": 0.22624268175070875,
  "test_conf_absolute_bs_mcb": 0.0507422008700428,
  "test_conf_absolute_bs_dsc": 0.0002840027343052054,
  "test_conf_absolute_bs_unc": 0.17578448361497115,
  "test_conf_absolute_balanced_accuracy": 0.5,
  "test_task_accuracy": 0.25639562524654774,
  "test_runtime": 110.8906,
  "test_samples_per_second": 48.859,
  "test_steps_per_second": 6.114,
  "instance_count": 5418
}