{
  "test_loss": 0.3668901026248932,
  "test_accuracy": 0.806363748916677,
  "test_precision": 0.5482456140350878,
  "test_recall": 0.15547263681592038,
  "test_f1": 0.24224806201550386,
  "test_roc_auc": 0.832699522175796,
  "test_bs": 0.12400986925062576,
  "test_bs_mcb": 0.0015336885626860142,
  "test_bs_dsc": 0.03697327087267002,
  "test_bs_unc": 0.15944945156060977,
  "test_balanced_accuracy": 0.5618142284404227,
  "test_conf_distribution_accuracy": 0.809211340844373,
  "test_conf_distribution_precision": 0.5433376455368694,
  "test_conf_distribution_recall": 0.26119402985074625,
  "test_conf_distribution_f1": 0.35279294414111717,
  "test_conf_distribution_roc_auc": 0.8378361035293466,
  "test_conf_distribution_bs": 0.12205041439222306,
  "test_conf_distribution_bs_mcb": 0.0,
  "test_conf_distribution_bs_dsc": 0.03739903716838672,
  "test_conf_distribution_bs_unc": 0.15944945156060977,
  "test_conf_distribution_balanced_accuracy": 0.6033130452237191,
  "test_conf_normalized_accuracy": 0.2812925591184846,
  "test_conf_normalized_precision": 0.20017145306472353,
  "test_conf_normalized_recall": 0.871268656716418,
  "test_conf_normalized_f1": 0.3255489717671663,
  "test_conf_normalized_roc_auc": 0.316569013796376,
  "test_conf_normalized_bs": 0.6118028349529608,
  "test_conf_normalized_bs_mcb": 0.4526218944774548,
  "test_conf_normalized_bs_dsc": 0.00026851108510375643,
  "test_conf_normalized_bs_unc": 0.15944945156060977,
  "test_conf_normalized_balanced_accuracy": 0.5029553980753214,
  "test_conf_absolute_accuracy": 0.80091618175065,
  "test_conf_absolute_precision": 0.0,
  "test_conf_absolute_recall": 0.0,
  "test_conf_absolute_f1": 0.0,
  "test_conf_absolute_roc_auc": 0.581094325481881,
  "test_conf_absolute_bs": 0.1922916427277811,
  "test_conf_absolute_bs_mcb": 0.03717971701608905,
  "test_conf_absolute_bs_dsc": 0.004337525848917723,
  "test_conf_absolute_bs_unc": 0.15944945156060977,
  "test_conf_absolute_balanced_accuracy": 0.5,
  "test_task_accuracy": 0.23598713763822168,
  "test_runtime": 163.334,
  "test_samples_per_second": 49.451,
  "test_steps_per_second": 49.451,
  "instance_count": 8077
}