{
  "test_loss": 0.5049346089363098,
  "test_accuracy": 0.734717565127676,
  "test_precision": 0.6347878063359235,
  "test_recall": 0.423444976076555,
  "test_f1": 0.5080124372159771,
  "test_roc_auc": 0.7806993602173389,
  "test_bs": 0.1710579544926351,
  "test_bs_mcb": 0.0013867834340499097,
  "test_bs_dsc": 0.04915750109238895,
  "test_bs_unc": 0.21882867215097415,
  "test_balanced_accuracy": 0.6534876424416325,
  "test_conf_distribution_accuracy": 0.7158885736394119,
  "test_conf_distribution_precision": 0.5905044510385756,
  "test_conf_distribution_recall": 0.3967304625199362,
  "test_conf_distribution_f1": 0.4746005246839971,
  "test_conf_distribution_roc_auc": 0.7501099417434168,
  "test_conf_distribution_bs": 0.18236706195768979,
  "test_conf_distribution_bs_mcb": 0.0,
  "test_conf_distribution_bs_dsc": 0.036461610193284366,
  "test_conf_distribution_bs_unc": 0.21882867215097415,
  "test_conf_distribution_balanced_accuracy": 0.6326008393423166,
  "test_conf_normalized_accuracy": 0.43010059324219757,
  "test_conf_normalized_precision": 0.34850166481687017,
  "test_conf_normalized_recall": 0.8763955342902712,
  "test_conf_normalized_f1": 0.4986954055587068,
  "test_conf_normalized_roc_auc": 0.49569783098963227,
  "test_conf_normalized_bs": 0.45635891112360094,
  "test_conf_normalized_bs_mcb": 0.24170021573566253,
  "test_conf_normalized_bs_dsc": 0.004169976763035738,
  "test_conf_normalized_bs_unc": 0.21882867215097415,
  "test_conf_normalized_balanced_accuracy": 0.5465660477398744,
  "test_conf_absolute_accuracy": 0.7158885736394119,
  "test_conf_absolute_precision": 0.5725154541131716,
  "test_conf_absolute_recall": 0.4800637958532695,
  "test_conf_absolute_f1": 0.5222294513120799,
  "test_conf_absolute_roc_auc": 0.7276511959290317,
  "test_conf_absolute_bs": 0.20131194067223251,
  "test_conf_absolute_bs_mcb": 0.017638513624258972,
  "test_conf_absolute_bs_dsc": 0.03515524510300061,
  "test_conf_absolute_bs_unc": 0.21882867215097415,
  "test_conf_absolute_balanced_accuracy": 0.6543475670078395,
  "test_task_accuracy": 0.3282392401640383,
  "test_runtime": 158.7816,
  "test_samples_per_second": 48.834,
  "test_steps_per_second": 6.109,
  "instance_count": 7754
}