{
  "test_loss": 0.4694714844226837,
  "test_accuracy": 0.7511529238147944,
  "test_precision": 0.5648232094288305,
  "test_recall": 0.4175603217158177,
  "test_f1": 0.48015414258188827,
  "test_roc_auc": 0.7938428042799913,
  "test_bs": 0.15740721935871874,
  "test_bs_mcb": 0.005023134888300446,
  "test_bs_dsc": 0.047092552346219285,
  "test_bs_unc": 0.19947663681663758,
  "test_balanced_accuracy": 0.6476959155028567,
  "test_conf_distribution_accuracy": 0.736395498985427,
  "test_conf_distribution_precision": 0.5858310626702997,
  "test_conf_distribution_recall": 0.14410187667560323,
  "test_conf_distribution_f1": 0.23130715438407748,
  "test_conf_distribution_roc_auc": 0.7066035399111713,
  "test_conf_distribution_bs": 0.1777004956550643,
  "test_conf_distribution_bs_mcb": 0.0,
  "test_conf_distribution_bs_dsc": 0.02177614116157328,
  "test_conf_distribution_bs_unc": 0.19947663681663758,
  "test_conf_distribution_balanced_accuracy": 0.5527075939753684,
  "test_conf_normalized_accuracy": 0.43571296808706883,
  "test_conf_normalized_precision": 0.30199646196613594,
  "test_conf_normalized_recall": 0.8009383378016086,
  "test_conf_normalized_f1": 0.43861258946595705,
  "test_conf_normalized_roc_auc": 0.4960558287621365,
  "test_conf_normalized_bs": 0.4231281611762912,
  "test_conf_normalized_bs_mcb": 0.22615443627926193,
  "test_conf_normalized_bs_dsc": 0.0025029119196083027,
  "test_conf_normalized_bs_unc": 0.19947663681663758,
  "test_conf_normalized_balanced_accuracy": 0.5489802404202749,
  "test_conf_absolute_accuracy": 0.7345508208817562,
  "test_conf_absolute_precision": 0.8840579710144928,
  "test_conf_absolute_recall": 0.04088471849865952,
  "test_conf_absolute_f1": 0.07815502882767457,
  "test_conf_absolute_roc_auc": 0.5702627468668053,
  "test_conf_absolute_bs": 0.24882843759518639,
  "test_conf_absolute_bs_mcb": 0.06176355131924363,
  "test_conf_absolute_bs_dsc": 0.012411750540694821,
  "test_conf_absolute_bs_unc": 0.19947663681663758,
  "test_conf_absolute_balanced_accuracy": 0.5194242884934123,
  "test_task_accuracy": 0.3032520571396378,
  "test_runtime": 339.5998,
  "test_samples_per_second": 15.963,
  "test_steps_per_second": 1.996,
  "instance_count": 5421
}