{
  "test_loss": 0.523756742477417,
  "test_accuracy": 0.7278823832860459,
  "test_precision": 0.7036485480268057,
  "test_recall": 0.5898876404494382,
  "test_f1": 0.6417657045840407,
  "test_roc_auc": 0.804632499211151,
  "test_bs": 0.17689467076146706,
  "test_bs_mcb": 0.0029729246170592805,
  "test_bs_dsc": 0.06854507055312711,
  "test_bs_unc": 0.2424668166975349,
  "test_balanced_accuracy": 0.7074712927521916,
  "test_conf_distribution_accuracy": 0.6992519989682744,
  "test_conf_distribution_precision": 0.6484002722940776,
  "test_conf_distribution_recall": 0.5945692883895131,
  "test_conf_distribution_f1": 0.6203191142950178,
  "test_conf_distribution_roc_auc": 0.7580864921595258,
  "test_conf_distribution_bs": 0.19471960717435172,
  "test_conf_distribution_bs_mcb": 0.0,
  "test_conf_distribution_bs_dsc": 0.047747209523183176,
  "test_conf_distribution_bs_unc": 0.2424668166975349,
  "test_conf_distribution_balanced_accuracy": 0.6837681606782731,
  "test_conf_normalized_accuracy": 0.5034820737683776,
  "test_conf_normalized_precision": 0.4506568897036358,
  "test_conf_normalized_recall": 0.9207240948813983,
  "test_conf_normalized_f1": 0.6051282051282051,
  "test_conf_normalized_roc_auc": 0.5398386289116626,
  "test_conf_normalized_bs": 0.39916389084258475,
  "test_conf_normalized_bs_mcb": 0.16571793132853901,
  "test_conf_normalized_bs_dsc": 0.009020857183489162,
  "test_conf_normalized_bs_unc": 0.2424668166975349,
  "test_conf_normalized_balanced_accuracy": 0.565197212275864,
  "test_conf_absolute_accuracy": 0.7224658240907919,
  "test_conf_absolute_precision": 0.6752165223184544,
  "test_conf_absolute_recall": 0.6326466916354557,
  "test_conf_absolute_f1": 0.6532388011601676,
  "test_conf_absolute_roc_auc": 0.7831604038907409,
  "test_conf_absolute_bs": 0.19635057265583383,
  "test_conf_absolute_bs_mcb": 0.01416840181957868,
  "test_conf_absolute_bs_dsc": 0.06028464586127974,
  "test_conf_absolute_bs_unc": 0.2424668166975349,
  "test_conf_absolute_balanced_accuracy": 0.7091804886748707,
  "test_task_accuracy": 0.4411954237563295,
  "test_runtime": 130.3919,
  "test_samples_per_second": 59.467,
  "test_steps_per_second": 3.72,
  "instance_count": 7754
}